platform,rank,cover_img,title,artist,playtime
멜론,1,https://cdn.chartin.me/image/album/melon/11415997.jpg?v=1708932598095&size=80,밤양갱,비비 (BIBI),2:27
멜론,2,https://cdn.chartin.me/image/album/melon/11404142.jpg?v=1708419856767&size=80,Love wins all,아이유,4:32
멜론,3,https://cdn.chartin.me/image/album/melon/11391902.jpg?v=1706952264860&size=80,첫 만남은 계획대로 되지 않아,TWS (투어스),2:33
멜론,4,https://cdn.chartin.me/image/album/melon/11407156.jpg?v=1708333664729&size=80,EASY,LE SSERAFIM (르세라핌),2:45
멜론,5,https://cdn.chartin.me/image/album/melon/11372896.jpg?v=1706952255449&size=80,To. X,태연 (TAEYEON),2:51
멜론,6,https://cdn.chartin.me/image/album/melon/11376816.jpg?v=1706952256383&size=80,비의 랩소디,임재현,3:56
멜론,7,https://cdn.chartin.me/image/album/melon/11404142.jpg?v=1708419856767&size=80,홀씨,아이유,3:11
멜론,8,https://cdn.chartin.me/image/album/melon/11394065.jpg?v=1706952266196&size=80,Love 119,RIIZE,2:54
멜론,9,https://cdn.chartin.me/image/album/melon/11352904.jpg?v=1706952251454&size=80,Perfect Night,LE SSERAFIM (르세라핌),2:40
멜론,10,https://cdn.chartin.me/image/album/melon/11382987.jpg?v=1706952258614&size=80,에피소드,이무진,3:26
멜론,11,https://cdn.chartin.me/image/album/melon/11305759.jpg?v=1706952246992&size=80,그대만 있다면 (여름날 우리 X 너드커넥션 (Nerd Connection)),너드커넥션 (Nerd Connection),4:11
멜론,12,https://cdn.chartin.me/image/album/melon/11402655.jpg?v=1706952285766&size=80,나는 아픈 건 딱 질색이니까,(여자)아이들,2:42
멜론,13,https://cdn.chartin.me/image/album/melon/10735654.jpg?v=1706952235841&size=80,사랑은 늘 도망가,임영웅,4:03
멜론,14,https://cdn.chartin.me/image/album/melon/11362544.jpg?v=1706952253708&size=80,Drama,aespa,3:35
멜론,15,https://cdn.chartin.me/image/album/melon/11427101.jpg?v=1708938337840&size=80,WAY 4 LUV,PLAVE,3:40
멜론,16,https://cdn.chartin.me/image/album/melon/11404142.jpg?v=1708419856767&size=80,Shopper,아이유,3:36
멜론,17,https://cdn.chartin.me/image/album/melon/11227533.jpg?v=1706952243620&size=80,헤어지자 말해요,박재정,4:04
멜론,18,https://cdn.chartin.me/image/album/melon/11258233.jpg?v=1706952245062&size=80,모래 알갱이,임영웅,3:41
멜론,19,https://cdn.chartin.me/image/album/melon/10821699.jpg?v=1706952236525&size=80,인사,범진,3:36
멜론,20,https://cdn.chartin.me/image/album/melon/10923444.jpg?v=1706952237703&size=80,우리들의 블루스,임영웅,3:28
멜론,21,https://cdn.chartin.me/image/album/melon/11340391.jpg?v=1706952249528&size=80,Do or Die,임영웅,3:26
멜론,22,https://cdn.chartin.me/image/album/melon/11402655.jpg?v=1706952285766&size=80,Super Lady,(여자)아이들,2:33
멜론,23,https://cdn.chartin.me/image/album/melon/11427101.jpg?v=1708938337840&size=80,Watch Me Woo!,PLAVE,2:16
멜론,24,https://cdn.chartin.me/image/album/melon/11286070.jpg?v=1706952246266&size=80,Seven (feat. Latto) - Clean Ver.,정국,3:05
멜론,25,https://cdn.chartin.me/image/album/melon/10923444.jpg?v=1706952237703&size=80,다시 만날 수 있을까,임영웅,4:35
멜론,26,https://cdn.chartin.me/image/album/melon/11427101.jpg?v=1708938337840&size=80,버추얼 아이돌,PLAVE,2:30
멜론,27,https://cdn.chartin.me/image/album/melon/11427101.jpg?v=1708938337840&size=80,우리 영화,PLAVE,2:42
멜론,28,https://cdn.chartin.me/image/album/melon/11427101.jpg?v=1708938337840&size=80,From,PLAVE,3:29
멜론,29,https://cdn.chartin.me/image/album/melon/11402655.jpg?v=1706952285766&size=80,Wife,(여자)아이들,2:02
멜론,30,https://cdn.chartin.me/image/album/melon/10412319.jpg?v=1706952233495&size=80,이제 나만 믿어요,임영웅,4:03
멜론,31,https://cdn.chartin.me/image/album/melon/10923444.jpg?v=1706952237703&size=80,무지개,임영웅,3:17
멜론,32,https://cdn.chartin.me/image/album/melon/11385577.jpg?v=1706952259531&size=80,꿈,태연 (TAEYEON),3:59
멜론,33,https://cdn.chartin.me/image/album/melon/11211297.jpg?v=1706952242914&size=80,I AM,IVE (아이브),3:04
멜론,34,https://cdn.chartin.me/image/album/melon/11356868.jpg?v=1706952252358&size=80,MANIAC,VIVIZ (비비지),3:16
멜론,35,https://cdn.chartin.me/image/album/melon/11102375.jpg?v=1706952240175&size=80,London Boy,임영웅,4:05
멜론,36,https://cdn.chartin.me/image/album/melon/11102375.jpg?v=1706952240175&size=80,Polaroid,임영웅,3:27
멜론,37,https://cdn.chartin.me/image/album/melon/10923444.jpg?v=1706952237703&size=80,아버지,임영웅,3:59
멜론,38,https://cdn.chartin.me/image/album/melon/10923444.jpg?v=1706952237703&size=80,인생찬가,임영웅,3:54
멜론,39,https://cdn.chartin.me/image/album/melon/11309832.jpg?v=1706952247531&size=80,Get A Guitar,RIIZE,2:41
멜론,40,https://cdn.chartin.me/image/album/melon/10923444.jpg?v=1706952237703&size=80,A bientot,임영웅,4:17
멜론,41,https://cdn.chartin.me/image/album/melon/11427101.jpg?v=1708938337840&size=80,Merry PLLIstmas,PLAVE,4:00
멜론,42,https://cdn.chartin.me/image/album/melon/11309190.jpg?v=1706952247353&size=80,Love Lee,AKMU (악뮤),3:00
멜론,43,https://cdn.chartin.me/image/album/melon/2232505.jpg?v=1706952325425&size=80,너의 모든 순간,성시경,4:03
멜론,44,https://cdn.chartin.me/image/album/melon/11333459.jpg?v=1706952248839&size=80,Baddie,IVE (아이브),2:35
멜론,45,https://cdn.chartin.me/image/album/melon/10036099.jpg?v=1706952231104&size=80,예뻤어,DAY6 (데이식스),4:43
멜론,46,https://cdn.chartin.me/image/album/melon/11421941.jpg?v=1708509702497&size=80,천상연,이창섭,4:32
멜론,47,https://cdn.chartin.me/image/album/melon/10923444.jpg?v=1706952237703&size=80,연애편지,임영웅,3:36
멜론,48,https://cdn.chartin.me/image/album/melon/11285867.jpg?v=1706952245945&size=80,사막에서 꽃을 피우듯,우디 (Woody),4:20
멜론,49,https://cdn.chartin.me/image/album/melon/11281456.jpg?v=1706952245756&size=80,Super Shy,NewJeans,2:35
멜론,50,https://cdn.chartin.me/image/album/melon/11240232.jpg?v=1706952244533&size=80,퀸카 (Queencard),(여자)아이들,2:42
멜론,51,https://cdn.chartin.me/image/album/melon/10307346.jpg?v=1706952232579&size=80,한 페이지가 될 수 있게,DAY6 (데이식스),3:26
멜론,52,https://cdn.chartin.me/image/album/melon/11280645.jpg?v=1706952245561&size=80,"잘 지내자, 우리 (여름날 우리 X 로이킴)",로이킴,4:19
멜론,53,https://cdn.chartin.me/image/album/melon/11339556.jpg?v=1706952249348&size=80,You & Me,제니 (JENNIE),3:00
멜론,54,https://cdn.chartin.me/image/album/melon/11011565.jpg?v=1706952238851&size=80,Hype Boy,NewJeans,2:57
멜론,55,https://cdn.chartin.me/image/album/melon/10871162.jpg?v=1706952237086&size=80,사랑인가 봐,멜로망스,3:05
멜론,56,https://cdn.chartin.me/image/album/melon/11127145.jpg?v=1706952240377&size=80,Ditto,NewJeans,3:06
멜론,57,https://cdn.chartin.me/image/album/melon/11309190.jpg?v=1706952247353&size=80,후라이의 꿈,AKMU (악뮤),3:25
멜론,58,https://cdn.chartin.me/image/album/melon/11281456.jpg?v=1706952245756&size=80,ETA,NewJeans,2:32
멜론,59,https://cdn.chartin.me/image/album/melon/11358100.jpg?v=1706952252728&size=80,Standing Next to You,정국,3:27
멜론,60,https://cdn.chartin.me/image/album/melon/10903868.jpg?v=1706952237282&size=80,사건의 지평선,윤하 (YOUNHA),5:01
멜론,61,https://cdn.chartin.me/image/album/melon/11404142.jpg?v=1708419856767&size=80,관객이 될게 (I stan U),아이유,3:13
멜론,62,https://cdn.chartin.me/image/album/melon/10331947.jpg?v=1706952232736&size=80,"어떻게 이별까지 사랑하겠어, 널 사랑하는 거지",AKMU (악뮤),4:51
멜론,63,https://cdn.chartin.me/image/album/melon/11180278.jpg?v=1706952241684&size=80,심(心),DK(디셈버),4:18
멜론,64,https://cdn.chartin.me/image/album/melon/10037969.jpg?v=1706952231279&size=80,봄날,방탄소년단,4:34
멜론,65,https://cdn.chartin.me/image/album/melon/11242411.jpg?v=1706952244728&size=80,사랑..그게 뭔데,지아,3:46
멜론,66,https://cdn.chartin.me/image/album/melon/11215072.jpg?v=1706952243244&size=80,사랑하지 않아서 그랬어,임한별,3:44
멜론,67,https://cdn.chartin.me/image/album/melon/11154218.jpg?v=1706952240751&size=80,그대가 내 안에 박혔다(그내박),순순희(기태),3:38
멜론,68,https://cdn.chartin.me/image/album/melon/11236264.jpg?v=1706952244336&size=80,Spicy,aespa,3:18
멜론,69,https://cdn.chartin.me/image/album/melon/11382496.jpg?v=1706952258434&size=80,사랑할 수밖에,볼빨간사춘기,3:46
멜론,70,https://cdn.chartin.me/image/album/melon/10479150.jpg?v=1706952233872&size=80,Dynamite,방탄소년단,3:20
멜론,71,https://cdn.chartin.me/image/album/melon/11398907.jpg?v=1706952275188&size=80,기억해줘요 내 모든 날과 그때를,화곡동 청개구리,3:37
멜론,72,https://cdn.chartin.me/image/album/melon/10816959.jpg?v=1706952236377&size=80,취중고백,김민석,3:48
멜론,73,https://cdn.chartin.me/image/album/melon/11234678.jpg?v=1706952244137&size=80,"이브, 프시케 그리고 푸른 수염의 아내",LE SSERAFIM (르세라핌),3:06
멜론,74,https://cdn.chartin.me/image/album/melon/11323044.jpg?v=1706952248426&size=80,별 떨어진다 (I Do),디오 (D.O.),2:44
멜론,75,https://cdn.chartin.me/image/album/melon/11400015.jpg?v=1706952278294&size=80,"Yes or No (Feat. 허윤진 of LE SSERAFIM, Crush)",그루비룸 (GroovyRoom),3:00
멜론,76,https://cdn.chartin.me/image/album/melon/10844485.jpg?v=1706952236716&size=80,I Don't Think That I Like Her,Charlie Puth,3:09
멜론,77,https://cdn.chartin.me/image/album/melon/10975276.jpg?v=1706952238096&size=80,해요 (2022),#안녕,3:59
멜론,78,https://cdn.chartin.me/image/album/melon/10909179.jpg?v=1706952237493&size=80,LOVE DIVE,IVE (아이브),2:58
멜론,79,https://cdn.chartin.me/image/album/melon/10260858.jpg?v=1706952232413&size=80,주저하는 연인들을 위해,잔나비,4:26
멜론,80,https://cdn.chartin.me/image/album/melon/10149492.jpg?v=1706952231638&size=80,"모든 날, 모든 순간 (Every day, Every Moment)",폴킴,3:30
멜론,81,https://cdn.chartin.me/image/album/melon/11211297.jpg?v=1706952242914&size=80,Kitsch,IVE (아이브),3:16
멜론,82,https://cdn.chartin.me/image/album/melon/11062828.jpg?v=1706952239841&size=80,그중에 그대를 만나,김호중,4:20
멜론,83,https://cdn.chartin.me/image/album/melon/2219671.jpg?v=1706952325265&size=80,첫 눈,EXO,3:27
멜론,84,https://cdn.chartin.me/image/album/melon/11229537.jpg?v=1706952243793&size=80,손오공,세븐틴 (SEVENTEEN),3:21
멜론,85,https://cdn.chartin.me/image/album/melon/11404142.jpg?v=1708419856767&size=80,"Shh.. (Feat. 혜인(HYEIN), 조원선 & Special Narr. 패티김)",아이유,3:47
멜론,86,https://cdn.chartin.me/image/album/melon/10610525.jpg?v=1706952234440&size=80,다정히 내 이름을 부르면,"경서예지, 전건호",3:52
멜론,87,https://cdn.chartin.me/image/album/melon/11233031.jpg?v=1706952243970&size=80,물론,허각,3:44
멜론,88,https://cdn.chartin.me/image/album/melon/11254858.jpg?v=1706952244876&size=80,Steal The Show (From “엘리멘탈”),Lauv,3:12
멜론,89,https://cdn.chartin.me/image/album/melon/11034298.jpg?v=1706952239225&size=80,After LIKE,IVE (아이브),2:57
멜론,90,https://cdn.chartin.me/image/album/melon/11166539.jpg?v=1706952241114&size=80,파이팅 해야지 (Feat. 이영지),부석순 (SEVENTEEN),3:25
멜론,91,https://cdn.chartin.me/image/album/melon/11127145.jpg?v=1706952240377&size=80,OMG,NewJeans,3:33
멜론,92,https://cdn.chartin.me/image/album/melon/11345655.jpg?v=1706952250154&size=80,Discord,QWER,2:48
멜론,93,https://cdn.chartin.me/image/album/melon/10612483.jpg?v=1706952234653&size=80,Butter,방탄소년단,2:45
멜론,94,https://cdn.chartin.me/image/album/melon/11376558.jpg?v=1706952256197&size=80,"그대가 있는 곳, 언제 어디든",로이킴,3:41
멜론,95,https://cdn.chartin.me/image/album/melon/2336926.jpg?v=1706952325791&size=80,Dangerously,Charlie Puth,3:19
멜론,96,https://cdn.chartin.me/image/album/melon/11348980.jpg?v=1706952250872&size=80,음악의 신,세븐틴 (SEVENTEEN),3:26
멜론,97,https://cdn.chartin.me/image/album/melon/11234678.jpg?v=1706952244137&size=80,UNFORGIVEN (feat. Nile Rodgers),LE SSERAFIM (르세라핌),3:03
멜론,98,https://cdn.chartin.me/image/album/melon/11300771.jpg?v=1706952246627&size=80,Fast Forward,전소미,2:41
멜론,99,https://cdn.chartin.me/image/album/melon/11140018.jpg?v=1706952240575&size=80,건물 사이에 피어난 장미 (Rose Blossom),H1-KEY (하이키),3:16
멜론,100,https://cdn.chartin.me/image/album/melon/11315612.jpg?v=1706952248043&size=80,"Smoke (Prod. Dynamicduo, Padi)","다이나믹 듀오, 이영지",3:30
지니,1,https://cdn.chartin.me/image/album/genie/84783137.jpg?v=1709284122571&size=80,밤양갱,비비 (BIBI),2:26
지니,2,https://cdn.chartin.me/image/album/genie/84662081.jpg?v=1709284120860&size=80,첫 만남은 계획대로 되지 않아,TWS (투어스),2:32
지니,3,https://cdn.chartin.me/image/album/genie/84729887.jpg?v=1709284122011&size=80,Love wins all,아이유 (IU),4:31
지니,4,https://cdn.chartin.me/image/album/genie/84545218.jpg?v=1709284120242&size=80,비의 랩소디,임재현,3:55
지니,5,https://cdn.chartin.me/image/album/genie/84539814.jpg?v=1709284120103&size=80,To. X,태연 (TAEYEON),2:50
지니,6,https://cdn.chartin.me/image/album/genie/84742099.jpg?v=1709284122259&size=80,EASY,LE SSERAFIM (르세라핌),2:45
지니,7,https://cdn.chartin.me/image/album/genie/84729887.jpg?v=1709284122011&size=80,홀씨,아이유 (IU),3:11
지니,8,https://cdn.chartin.me/image/album/genie/84600370.jpg?v=1709284120646&size=80,에피소드,이무진,3:25
지니,9,https://cdn.chartin.me/image/album/genie/84429291.jpg?v=1709284119507&size=80,Perfect Night,LE SSERAFIM (르세라핌),2:39
지니,10,https://cdn.chartin.me/image/album/genie/83748133.jpg?v=1709284115476&size=80,헤어지자 말해요,박재정,4:04
지니,11,https://cdn.chartin.me/image/album/genie/80919666.jpg?v=1709284103897&size=80,예뻤어,DAY6 (데이식스),4:43
지니,12,https://cdn.chartin.me/image/album/genie/84729887.jpg?v=1709284122011&size=80,Shopper,아이유 (IU),3:36
지니,13,https://cdn.chartin.me/image/album/genie/84668309.jpg?v=1709284120959&size=80,Love 119,RIIZE,2:54
지니,14,https://cdn.chartin.me/image/album/genie/84150934.jpg?v=1709284117614&size=80,그대만 있다면 (여름날 우리 X 너드커넥션 (Nerd Connection)),너드커넥션 (Nerd Connection),4:11
지니,15,https://cdn.chartin.me/image/album/genie/84472747.jpg?v=1709284120006&size=80,Drama,aespa,3:35
지니,16,https://cdn.chartin.me/image/album/genie/83665559.jpg?v=1709284114997&size=80,I AM,IVE (아이브),3:04
지니,17,https://cdn.chartin.me/image/album/genie/82451947.jpg?v=1709284109546&size=80,인사,범진,3:36
지니,18,https://cdn.chartin.me/image/album/genie/84718499.jpg?v=1709284121811&size=80,Wife,(여자)아이들,2:01
지니,19,https://cdn.chartin.me/image/album/genie/84181610.jpg?v=1709284118137&size=80,Love Lee,AKMU (악뮤),3:00
지니,20,https://cdn.chartin.me/image/album/genie/84718499.jpg?v=1709284121811&size=80,나는 아픈 건 딱 질색이니까,(여자)아이들,2:42
지니,21,https://cdn.chartin.me/image/album/genie/81244101.jpg?v=1709284105042&size=80,한 페이지가 될 수 있게,DAY6 (데이식스),3:26
지니,22,https://cdn.chartin.me/image/album/genie/84718499.jpg?v=1709284121811&size=80,Super Lady,(여자)아이들,2:32
지니,23,https://cdn.chartin.me/image/album/genie/84181610.jpg?v=1709284118137&size=80,후라이의 꿈,AKMU (악뮤),3:25
지니,24,https://cdn.chartin.me/image/album/genie/82614128.jpg?v=1709284110272&size=80,사건의 지평선,윤하 (YOUNHA),5:01
지니,25,https://cdn.chartin.me/image/album/genie/83556186.jpg?v=1709284114600&size=80,심 (心),DK (디셈버),4:17
지니,26,https://cdn.chartin.me/image/album/genie/84297639.jpg?v=1709284118639&size=80,Baddie,IVE (아이브),2:34
지니,27,https://cdn.chartin.me/image/album/genie/83810194.jpg?v=1709284116199&size=80,퀸카 (Queencard),(여자)아이들,2:41
지니,28,https://cdn.chartin.me/image/album/genie/84344886.jpg?v=1709284118841&size=80,You & Me,제니 (JENNIE),2:59
지니,29,https://cdn.chartin.me/image/album/genie/84030640.jpg?v=1709284117266&size=80,사막에서 꽃을 피우듯,우디 (Woody),4:19
지니,30,https://cdn.chartin.me/image/album/genie/82842800.jpg?v=1709284111991&size=80,Hype Boy,NewJeans,2:57
지니,31,https://cdn.chartin.me/image/album/genie/83325577.jpg?v=1709284113866&size=80,Ditto,NewJeans,3:06
지니,32,https://cdn.chartin.me/image/album/genie/84815509.jpg?v=1709284122660&size=80,천상연,이창섭,4:31
지니,33,https://cdn.chartin.me/image/album/genie/84019740.jpg?v=1709284117170&size=80,ETA,NewJeans,2:31
지니,34,https://cdn.chartin.me/image/album/genie/84048666.jpg?v=1709284117345&size=80,Seven (Feat. Latto) (Clean Ver.),정국,3:04
지니,35,https://cdn.chartin.me/image/album/genie/82484273.jpg?v=1709284109631&size=80,I Don't Think That I Like Her,Charlie Puth,3:09
지니,36,https://cdn.chartin.me/image/album/genie/84447433.jpg?v=1709284119810&size=80,MANIAC,VIVIZ (비비지),3:16
지니,37,https://cdn.chartin.me/image/album/genie/84019740.jpg?v=1709284117170&size=80,Super Shy,NewJeans,2:35
지니,38,https://cdn.chartin.me/image/album/genie/80401547.jpg?v=1709284103181&size=80,너의 모든 순간,성시경,4:03
지니,39,https://cdn.chartin.me/image/album/genie/82540759.jpg?v=1709284109851&size=80,사랑인가 봐,멜로망스 (MeloMance),3:05
지니,40,https://cdn.chartin.me/image/album/genie/83665559.jpg?v=1709284114997&size=80,Kitsch,IVE (아이브),3:15
지니,41,https://cdn.chartin.me/image/album/genie/83455650.jpg?v=1709284114283&size=80,그대가 내 안에 박혔다 (그내박),순순희 (기태),3:37
지니,42,https://cdn.chartin.me/image/album/genie/84011548.jpg?v=1709284117084&size=80,"잘 지내자, 우리 (여름날 우리 X 로이킴)",로이킴,4:18
지니,43,https://cdn.chartin.me/image/album/genie/82912984.jpg?v=1709284112440&size=80,After LIKE,IVE (아이브),2:57
지니,44,https://cdn.chartin.me/image/album/genie/80673272.jpg?v=1709284103382&size=80,Dangerously,Charlie Puth,3:19
지니,45,https://cdn.chartin.me/image/album/genie/84193518.jpg?v=1709284118233&size=80,Smoke (Prod. by Dynamicduo & Padi),"다이나믹 듀오, 다이나믹 듀오 & 이영지, 이영지",3:30
지니,46,https://cdn.chartin.me/image/album/genie/82051769.jpg?v=1709284107533&size=80,다정히 내 이름을 부르면,"경서예지, 경서예지 & 전건호, 전건호",3:51
지니,47,https://cdn.chartin.me/image/album/genie/82624363.jpg?v=1709284110354&size=80,LOVE DIVE,IVE (아이브),2:57
지니,48,https://cdn.chartin.me/image/album/genie/83773897.jpg?v=1709284115792&size=80,물론,허각,3:44
지니,49,https://cdn.chartin.me/image/album/genie/83343048.jpg?v=1709284114067&size=80,건물 사이에 피어난 장미,H1-KEY (하이키),3:16
지니,50,https://cdn.chartin.me/image/album/genie/84181596.jpg?v=1709284118030&size=80,Get A Guitar,RIIZE,2:40
지니,51,https://cdn.chartin.me/image/album/genie/83793925.jpg?v=1709284115992&size=80,Spicy,aespa,3:17
지니,52,https://cdn.chartin.me/image/album/genie/81172042.jpg?v=1709284104863&size=80,주저하는 연인들을 위해,잔나비,4:25
지니,53,https://cdn.chartin.me/image/album/genie/84611536.jpg?v=1709284120745&size=80,꿈,태연 (TAEYEON),3:59
지니,54,https://cdn.chartin.me/image/album/genie/83779626.jpg?v=1709284115870&size=80,"이브, 프시케 그리고 푸른 수염의 아내",LE SSERAFIM (르세라핌),3:06
지니,55,https://cdn.chartin.me/image/album/genie/82727185.jpg?v=1709284111351&size=80,해요 (2022),#안녕,3:58
지니,56,https://cdn.chartin.me/image/album/genie/83684144.jpg?v=1709284115177&size=80,사랑하지 않아서 그랬어,임한별,3:44
지니,57,https://cdn.chartin.me/image/album/genie/82443459.jpg?v=1709284109441&size=80,취중고백,김민석,3:48
지니,58,https://cdn.chartin.me/image/album/genie/81271853.jpg?v=1709284105611&size=80,"어떻게 이별까지 사랑하겠어, 널 사랑하는 거지",AKMU (악뮤),4:50
지니,59,https://cdn.chartin.me/image/album/genie/82322594.jpg?v=1709284108705&size=80,사랑은 늘 도망가,임영웅,4:03
지니,60,https://cdn.chartin.me/image/album/genie/82842800.jpg?v=1709284111991&size=80,Attention,NewJeans,2:58
지니,61,https://cdn.chartin.me/image/album/genie/82923028.jpg?v=1709284112542&size=80,숲,최유리,3:48
지니,62,https://cdn.chartin.me/image/album/genie/83815849.jpg?v=1709284116313&size=80,사랑..그게 뭔데,지아,3:46
지니,63,https://cdn.chartin.me/image/album/genie/15027331.jpg?v=1709284102591&size=80,희재,성시경,4:42
지니,64,https://cdn.chartin.me/image/album/genie/82130513.jpg?v=1709284108014&size=80,Stay,"The Kid LAROI, The Kid LAROI & Justin Bieber, Justin Bieber",2:22
지니,65,https://cdn.chartin.me/image/album/genie/84387353.jpg?v=1709284119169&size=80,Discord,QWER,2:48
지니,66,https://cdn.chartin.me/image/album/genie/84729887.jpg?v=1709284122011&size=80,관객이 될게 (I stan U),아이유 (IU),3:13
지니,67,https://cdn.chartin.me/image/album/genie/81044453.jpg?v=1709284104353&size=80,"모든 날, 모든 순간 (Every day, Every Moment)",폴킴,3:31
지니,68,https://cdn.chartin.me/image/album/genie/83325577.jpg?v=1709284113866&size=80,OMG,NewJeans,3:32
지니,69,https://cdn.chartin.me/image/album/genie/84127432.jpg?v=1709284117440&size=80,Fast Forward,전소미,2:41
지니,70,https://cdn.chartin.me/image/album/genie/84297639.jpg?v=1709284118639&size=80,Either Way,IVE (아이브),2:47
지니,71,https://cdn.chartin.me/image/album/genie/82484273.jpg?v=1709284109631&size=80,That's Hilarious,Charlie Puth,2:27
지니,72,https://cdn.chartin.me/image/album/genie/83519066.jpg?v=1709284114502&size=80,파이팅 해야지 (Feat. 이영지),부석순 (SEVENTEEN),3:25
지니,73,https://cdn.chartin.me/image/album/genie/81031556.jpg?v=1709284104277&size=80,2002,Anne-Marie,3:07
지니,74,https://cdn.chartin.me/image/album/genie/83762577.jpg?v=1709284115568&size=80,손오공,세븐틴 (SEVENTEEN),3:20
지니,75,https://cdn.chartin.me/image/album/genie/83779626.jpg?v=1709284115870&size=80,UNFORGIVEN (Feat. Nile Rodgers),LE SSERAFIM (르세라핌),3:02
지니,76,https://cdn.chartin.me/image/album/genie/83073238.jpg?v=1709284113335&size=80,When I Get Old,"Christopher, Christopher & 청하, 청하",3:05
지니,77,https://cdn.chartin.me/image/album/genie/82983095.jpg?v=1709284112810&size=80,Monologue,테이 (Tei),4:22
지니,78,https://cdn.chartin.me/image/album/genie/84297639.jpg?v=1709284118639&size=80,Off The Record,IVE (아이브),3:09
지니,79,https://cdn.chartin.me/image/album/genie/80384393.jpg?v=1709284103085&size=80,첫 눈,EXO,3:28
지니,80,https://cdn.chartin.me/image/album/genie/82638202.jpg?v=1709284110733&size=80,The Drum,Alan Walker,3:09
지니,81,https://cdn.chartin.me/image/album/genie/84391893.jpg?v=1709284119263&size=80,잠시라도 우리,"성시경, 성시경 & 나얼, 나얼",4:53
지니,82,https://cdn.chartin.me/image/album/genie/84729887.jpg?v=1709284122011&size=80,Shh.. (Feat. 혜인 (HYEIN) & 조원선 & Special Narr. 패티김),아이유 (IU),3:47
지니,83,https://cdn.chartin.me/image/album/genie/82586132.jpg?v=1709284109955&size=80,TOMBOY,(여자)아이들,2:54
지니,84,https://cdn.chartin.me/image/album/genie/81048807.jpg?v=1709284104470&size=80,어른,Sondia,4:19
지니,85,https://cdn.chartin.me/image/album/genie/83687323.jpg?v=1709284115276&size=80,꽃,지수 (JISOO),2:53
지니,86,https://cdn.chartin.me/image/album/genie/81955089.jpg?v=1709284106962&size=80,Off My Face,Justin Bieber,2:37
지니,87,https://cdn.chartin.me/image/album/genie/83902576.jpg?v=1709284116791&size=80,나에게 그대만이,탑현,3:11
지니,88,https://cdn.chartin.me/image/album/genie/82814458.jpg?v=1709284111879&size=80,그때 그 순간 그대로 (그그그),WSG워너비 (가야G),3:43
지니,89,https://cdn.chartin.me/image/album/genie/84697055.jpg?v=1709284121330&size=80,기억해줘요 내 모든 날과 그때를,화곡동 청개구리,3:36
지니,90,https://cdn.chartin.me/image/album/genie/83082184.jpg?v=1709284113412&size=80,ANTIFRAGILE,LE SSERAFIM (르세라핌),3:04
지니,91,https://cdn.chartin.me/image/album/genie/82798875.jpg?v=1709284111776&size=80,그라데이션,10CM,3:21
지니,92,https://cdn.chartin.me/image/album/genie/84763619.jpg?v=1709284122465&size=80,하루,에일리 (Ailee),4:56
지니,93,https://cdn.chartin.me/image/album/genie/84709055.jpg?v=1709284121507&size=80,Yes or No (Feat. 허윤진 of LE SSERAFIM & Crush),그루비룸 (GroovyRoom),2:59
지니,94,https://cdn.chartin.me/image/album/genie/82651870.jpg?v=1709284110937&size=80,나의 X에게,경서,3:08
지니,95,https://cdn.chartin.me/image/album/genie/83066601.jpg?v=1709284113107&size=80,Underwater,권은비,2:51
지니,96,https://cdn.chartin.me/image/album/genie/83932963.jpg?v=1709284116991&size=80,Steal The Show,Lauv,3:13
지니,97,https://cdn.chartin.me/image/album/genie/82759659.jpg?v=1709284111458&size=80,Summer (Feat. BE'O (비오)),Paul Blanco,3:20
지니,98,https://cdn.chartin.me/image/album/genie/84157291.jpg?v=1709284117735&size=80,Bubble,STAYC (스테이씨),2:59
지니,99,https://cdn.chartin.me/image/album/genie/81545399.jpg?v=1709284106563&size=80,Dynamite,방탄소년단,3:19
지니,100,https://cdn.chartin.me/image/album/genie/82602752.jpg?v=1709284110149&size=80,내가 아니라도,주호,4:08
FLO,1,https://cdn.chartin.me/image/album/flo/422064961.jpg?v=1707818644482&size=80,밤양갱,비비 (BIBI),2:26
FLO,2,https://cdn.music-flo.com/image/v2/album/559/743/20/04/420743559_65aa1cb4_s.jpg?1705647285716%2Fdims%2Fresize%2F1000x1000%2Fquality%2F90=&size=80,첫 만남은 계획대로 되지 않아,TWS (투어스),2:32
FLO,3,https://cdn.chartin.me/image/album/flo/421442441.jpg?v=1708419856426&size=80,Love wins all,아이유 (IU),4:31
FLO,4,https://cdn.chartin.me/image/album/flo/422163532.jpg?v=1708333664417&size=80,EASY,LE SSERAFIM (르세라핌),2:44
FLO,5,https://cdn.music-flo.com/image/v2/album/834/303/21/04/421303834_65b75a24_s.jpg?1706514981658%2Fdims%2Fresize%2F1000x1000%2Fquality%2F90=&size=80,나는 아픈 건 딱 질색이니까,(여자)아이들,2:41
FLO,6,https://cdn.chartin.me/image/album/flo/421442441.jpg?v=1708419856426&size=80,홀씨,아이유 (IU),3:10
FLO,7,https://cdn.chartin.me/image/album/flo/419521664.jpg?v=1701075991180&size=80,To. X,태연 (TAEYEON),2:50
FLO,8,https://cdn.chartin.me/image/album/flo/418573930.jpg?v=1699241770517&size=80,Perfect Night,LE SSERAFIM (르세라핌),2:39
FLO,9,https://cdn.music-flo.com/image/v2/album/834/303/21/04/421303834_65b75a24_s.jpg?1706514981658%2Fdims%2Fresize%2F1000x1000%2Fquality%2F90=&size=80,Wife,(여자)아이들,2:01
FLO,10,https://cdn.music-flo.com/image/v2/album/834/303/21/04/421303834_65b75a24_s.jpg?1706514981658%2Fdims%2Fresize%2F1000x1000%2Fquality%2F90=&size=80,Super Lady,(여자)아이들,2:32
FLO,11,https://cdn.chartin.me/image/album/flo/406716973.jpg?v=1699238501594&size=80,사랑은 늘 도망가,임영웅,4:02
FLO,12,https://cdn.chartin.me/image/album/flo/419606346.jpg?v=1701598075951&size=80,비의 랩소디,임재현,3:55
FLO,13,https://cdn.chartin.me/image/album/flo/412481763.jpg?v=1699240998316&size=80,I AM,IVE (아이브),3:03
FLO,14,https://cdn.chartin.me/image/album/flo/421442441.jpg?v=1708419856426&size=80,Shopper,아이유 (IU),3:35
FLO,15,https://cdn.chartin.me/image/album/flo/408064827.jpg?v=1699239381828&size=80,우리들의 블루스,임영웅,3:27
FLO,16,https://cdn.chartin.me/image/album/flo/413139838.jpg?v=1699241089216&size=80,헤어지자 말해요,박재정,4:03
FLO,17,https://cdn.chartin.me/image/album/flo/414422186.jpg?v=1699241257936&size=80,모래 알갱이,임영웅,3:40
FLO,18,https://cdn.chartin.me/image/album/flo/419004970.jpg?v=1699593627577&size=80,Drama,aespa,3:34
FLO,19,https://cdn.chartin.me/image/album/flo/420822012.jpg?v=1704445674144&size=80,Love 119,RIIZE,2:53
FLO,20,https://cdn.chartin.me/image/album/flo/404550893.jpg?v=1699236680635&size=80,이제 나만 믿어요,임영웅,4:02
FLO,21,https://cdn.chartin.me/image/album/flo/420097431.jpg?v=1702461851914&size=80,에피소드,이무진,3:25
FLO,22,https://cdn.chartin.me/image/album/flo/408064827.jpg?v=1699239381828&size=80,다시 만날 수 있을까,임영웅,4:34
FLO,23,https://cdn.chartin.me/image/album/flo/417871565.jpg?v=1699241704632&size=80,Do or Die,임영웅,3:25
FLO,24,https://cdn.chartin.me/image/album/flo/408064827.jpg?v=1699239381828&size=80,무지개,임영웅,3:16
FLO,25,https://cdn.chartin.me/image/album/flo/417510529.jpg?v=1699241663145&size=80,Baddie,IVE (아이브),2:34
FLO,26,https://cdn.chartin.me/image/album/flo/415330480.jpg?v=1699241374521&size=80,ETA,NewJeans,2:31
FLO,27,https://cdn.chartin.me/image/album/flo/408064827.jpg?v=1699239381828&size=80,아버지,임영웅,3:58
FLO,28,https://cdn.chartin.me/image/album/flo/416414727.jpg?v=1699241517710&size=80,그대만 있다면 (여름날 우리 X 너드커넥션 (Nerd Connection)),너드커넥션 (Nerd Connection),4:10
FLO,29,https://cdn.chartin.me/image/album/flo/410034656.jpg?v=1699240495992&size=80,Polaroid,임영웅,3:26
FLO,30,https://cdn.chartin.me/image/album/flo/410034656.jpg?v=1699240495992&size=80,London Boy,임영웅,4:04
FLO,31,https://cdn.chartin.me/image/album/flo/415330480.jpg?v=1699241374521&size=80,Super Shy,NewJeans,2:34
FLO,32,https://cdn.chartin.me/image/album/flo/408064827.jpg?v=1699239381828&size=80,인생찬가,임영웅,3:53
FLO,33,https://cdn.chartin.me/image/album/flo/408064827.jpg?v=1699239381828&size=80,A bientot,임영웅,4:16
FLO,34,https://cdn.chartin.me/image/album/flo/407162649.jpg?v=1701738097075&size=80,인사,범진,3:35
FLO,35,https://cdn.chartin.me/image/album/flo/408064827.jpg?v=1699239381828&size=80,연애편지,임영웅,3:35
FLO,36,https://cdn.chartin.me/image/album/flo/416589318.jpg?v=1699241538347&size=80,Love Lee,AKMU (악뮤),2:59
FLO,37,https://cdn.chartin.me/image/album/flo/413700913.jpg?v=1699241158015&size=80,퀸카 (Queencard),(여자)아이들,2:41
FLO,38,https://cdn.chartin.me/image/album/flo/420215754.jpg?v=1703026579866&size=80,꿈,태연 (TAEYEON),3:58
FLO,39,https://cdn.chartin.me/image/album/flo/408826847.jpg?v=1699239829827&size=80,Hype Boy,NewJeans,2:58
FLO,40,https://cdn.chartin.me/image/album/flo/413209.jpg?v=1699241096573&size=80,너의 모든 순간,성시경,4:03
FLO,41,https://cdn.chartin.me/image/album/flo/418762547.jpg?v=1699241783721&size=80,MANIAC,VIVIZ (비비지),3:15
FLO,42,https://cdn.chartin.me/image/album/flo/403230931.jpg?v=1699236048493&size=80,한 페이지가 될 수 있게,DAY6 (데이식스),3:25
FLO,43,https://cdn.chartin.me/image/album/flo/410940180.jpg?v=1702544713575&size=80,Ditto,NewJeans,3:05
FLO,44,https://cdn.chartin.me/image/album/flo/409131223.jpg?v=1699240010891&size=80,After LIKE,IVE (아이브),2:56
FLO,45,https://cdn.chartin.me/image/album/flo/416590456.jpg?v=1699241539218&size=80,Get A Guitar,RIIZE,2:40
FLO,46,https://cdn.chartin.me/image/album/flo/415539782.jpg?v=1699241404962&size=80,Seven (feat. Latto) - Clean Ver.,정국,3:04
FLO,47,https://cdn.chartin.me/image/album/flo/422226793.jpg?v=1708510009705&size=80,천상연,이창섭,4:31
FLO,48,https://cdn.chartin.me/image/album/flo/422331192.jpg?v=1708938642459&size=80,WAY 4 LUV,PLAVE,3:39
FLO,49,https://cdn.chartin.me/image/album/flo/407967067.jpg?v=1699239326541&size=80,LOVE DIVE,IVE (아이브),2:57
FLO,50,https://cdn.chartin.me/image/album/flo/416589318.jpg?v=1699241538347&size=80,후라이의 꿈,AKMU (악뮤),3:24
FLO,51,https://cdn.chartin.me/image/album/flo/421442441.jpg?v=1708419856426&size=80,관객이 될게 (I stan U),아이유 (IU),3:12
FLO,52,https://cdn.chartin.me/image/album/flo/422331192.jpg?v=1708938642459&size=80,우리 영화,PLAVE,2:41
FLO,53,https://cdn.chartin.me/image/album/flo/412481763.jpg?v=1699240998316&size=80,Kitsch,IVE (아이브),3:15
FLO,54,https://cdn.chartin.me/image/album/flo/411572589.jpg?v=1699240864060&size=80,심(心),DK(디셈버),4:17
FLO,55,https://cdn.chartin.me/image/album/flo/20154722.jpg?v=1699234657755&size=80,"모든 날, 모든 순간 (Every day, Every Moment)",폴킴,3:30
FLO,56,https://cdn.chartin.me/image/album/flo/413411156.jpg?v=1699241129866&size=80,"이브, 프시케 그리고 푸른 수염의 아내",LE SSERAFIM (르세라핌),3:05
FLO,57,https://cdn.chartin.me/image/album/flo/417510529.jpg?v=1699241663145&size=80,Off The Record,IVE (아이브),3:08
FLO,58,https://cdn.chartin.me/image/album/flo/422331192.jpg?v=1708938642459&size=80,Watch Me Woo!,PLAVE,2:15
FLO,59,https://cdn.chartin.me/image/album/flo/422331192.jpg?v=1708938642459&size=80,버추얼 아이돌,PLAVE,2:29
FLO,60,https://cdn.chartin.me/image/album/flo/422331192.jpg?v=1708938642459&size=80,From,PLAVE,3:28
FLO,61,https://cdn.chartin.me/image/album/flo/417838595.jpg?v=1699241696181&size=80,You & Me,제니 (JENNIE),2:59
FLO,62,https://cdn.chartin.me/image/album/flo/413506252.jpg?v=1699241133230&size=80,Spicy,aespa,3:17
FLO,63,https://cdn.chartin.me/image/album/flo/20089092.jpg?v=1699234505519&size=80,밤편지,아이유 (IU),4:13
FLO,64,https://cdn.chartin.me/image/album/flo/407145662.jpg?v=1699238815341&size=80,취중고백,김민석,3:47
FLO,65,https://cdn.chartin.me/image/album/flo/407357371.jpg?v=1699238977567&size=80,I Don’t Think That I Like Her,Charlie Puth,3:08
FLO,66,https://cdn.chartin.me/image/album/flo/9000635.jpg?v=1699242486085&size=80,희재,성시경,4:41
FLO,67,https://cdn.chartin.me/image/album/flo/407911089.jpg?v=1699239297755&size=80,사건의 지평선,윤하,5:00
FLO,68,https://cdn.chartin.me/image/album/flo/403299537.jpg?v=1699236199953&size=80,"어떻게 이별까지 사랑하겠어, 널 사랑하는 거지",AKMU (악뮤),4:50
FLO,69,https://cdn.chartin.me/image/album/flo/413275901.jpg?v=1699241102246&size=80,손오공,세븐틴 (SEVENTEEN),3:20
FLO,70,https://cdn.chartin.me/image/album/flo/409504935.jpg?v=1699240252613&size=80,그중에 그대를 만나,김호중,4:19
FLO,71,https://cdn.chartin.me/image/album/flo/410969566.jpg?v=1699240667224&size=80,건물 사이에 피어난 장미 (Rose Blossom),H1-KEY (하이키),3:15
FLO,72,https://cdn.chartin.me/image/album/flo/408826847.jpg?v=1699239829827&size=80,Attention,NewJeans,2:59
FLO,73,https://cdn.chartin.me/image/album/flo/413411156.jpg?v=1699241129866&size=80,UNFORGIVEN (feat. Nile Rodgers),LE SSERAFIM (르세라핌),3:02
FLO,74,https://cdn.chartin.me/image/album/flo/406345478.jpg?v=1699238067003&size=80,STAY (Explicit Ver.),"The Kid LAROI, Justin Bieber",2:21
FLO,75,https://cdn.chartin.me/image/album/flo/422331192.jpg?v=1708938642459&size=80,Merry PLLIstmas,PLAVE,3:59
FLO,76,https://cdn.chartin.me/image/album/flo/415442488.jpg?v=1699241388346&size=80,사막에서 꽃을 피우듯,우디 (Woody),4:19
FLO,77,https://cdn.chartin.me/image/album/flo/406205640.jpg?v=1699237837521&size=80,다정히 내 이름을 부르면,"경서예지, 전건호",3:51
FLO,78,https://cdn.chartin.me/image/album/flo/408089854.jpg?v=1699239420304&size=80,나의 X에게,경서,3:07
FLO,79,https://cdn.chartin.me/image/album/flo/418234153.jpg?v=1699241734786&size=80,Discord,QWER,2:47
FLO,80,https://cdn.chartin.me/image/album/flo/416216145.jpg?v=1699241490552&size=80,Fast Forward,전소미,2:40
FLO,81,https://cdn.chartin.me/image/album/flo/415290976.jpg?v=1699241369502&size=80,"잘 지내자, 우리 (여름날 우리 X 로이킴)",로이킴,4:18
FLO,82,https://cdn.chartin.me/image/album/flo/408591866.jpg?v=1699239678169&size=80,빛이 나는 사람,김호중,3:36
FLO,83,https://cdn.chartin.me/image/album/flo/20237198.jpg?v=1699234980673&size=80,주저하는 연인들을 위해,잔나비,4:25
FLO,84,https://cdn.chartin.me/image/album/flo/411112995.jpg?v=1699240768139&size=80,그대가 내 안에 박혔다(그내박),순순희(기태),3:37
FLO,85,https://cdn.chartin.me/image/album/flo/20080494.jpg?v=1699234492473&size=80,예뻤어,DAY6 (데이식스),4:43
FLO,86,https://cdn.chartin.me/image/album/flo/409580394.jpg?v=1699240298294&size=80,나의 목소리로,김호중,3:52
FLO,87,https://cdn.chartin.me/image/album/flo/410940180.jpg?v=1702544713575&size=80,OMG,NewJeans,3:32
FLO,88,https://cdn.chartin.me/image/album/flo/527746.jpg?v=1699242054660&size=80,Dangerously,Charlie Puth,3:19
FLO,89,https://cdn.chartin.me/image/album/flo/418608954.jpg?v=1699241774967&size=80,편지 한 장 (부제: 서른에 만난 첫 세상) (A letter),김호중,4:04
FLO,90,https://cdn.chartin.me/image/album/flo/408854988.jpg?v=1699239852079&size=80,주마등,김호중,4:35
FLO,91,https://cdn.chartin.me/image/album/flo/409328017.jpg?v=1699240135304&size=80,인생은 뷰티풀,김호중,3:34
FLO,92,https://cdn.chartin.me/image/album/flo/412608592.jpg?v=1699241019027&size=80,사랑하지 않아서 그랬어,임한별,3:43
FLO,93,https://cdn.chartin.me/image/album/flo/408854988.jpg?v=1699239852079&size=80,친구,김호중,5:12
FLO,94,https://cdn.chartin.me/image/album/flo/408854988.jpg?v=1699239852079&size=80,약속 [約束],김호중,3:28
FLO,95,https://cdn.chartin.me/image/album/flo/405065073.jpg?v=1699237019130&size=80,"애인이 되어줄게요 (Prod. 알고보니, 혼수상태)",김호중,3:07
FLO,96,https://cdn.chartin.me/image/album/flo/416415659.jpg?v=1699241518592&size=80,Bubble,STAYC (스테이씨),2:59
FLO,97,https://cdn.chartin.me/image/album/flo/421442441.jpg?v=1708419856426&size=80,"Shh.. (Feat. 혜인(HYEIN), 조원선 & Special Narr. 패티김)",아이유 (IU),3:46
FLO,98,https://cdn.chartin.me/image/album/flo/418440499.jpg?v=1699241752392&size=80,음악의 신,세븐틴 (SEVENTEEN),3:25
FLO,99,https://cdn.chartin.me/image/album/flo/417510529.jpg?v=1699241663145&size=80,Either Way,IVE (아이브),2:46
FLO,100,https://cdn.chartin.me/image/album/flo/408854988.jpg?v=1699239852079&size=80,Champagne,김호중,4:29
벅스,1,https://cdn.chartin.me/image/album/bugs/4096123.jpg?v=1707818642849&size=80,밤양갱,비비(BIBI),2:26
벅스,2,https://cdn.chartin.me/image/album/bugs/4094730.jpg?v=1706951676824&size=80,첫 만남은 계획대로 되지 않아,TWS (투어스),2:32
벅스,3,https://cdn.chartin.me/image/album/bugs/4095604.jpg?v=1708333663891&size=80,EASY,LE SSERAFIM (르세라핌),2:44
벅스,4,https://cdn.chartin.me/image/album/bugs/4095501.jpg?v=1706951681882&size=80,홀씨,아이유(IU),3:10
벅스,5,https://cdn.chartin.me/image/album/bugs/4095394.jpg?v=1706951677664&size=80,나는 아픈 건 딱 질색이니까,(여자)아이들,2:41
벅스,6,https://cdn.chartin.me/image/album/bugs/4095501.jpg?v=1706951681882&size=80,Love wins all,아이유(IU),4:31
벅스,7,https://cdn.chartin.me/image/album/bugs/4095501.jpg?v=1706951681882&size=80,Shopper,아이유(IU),3:35
벅스,8,https://cdn.chartin.me/image/album/bugs/4093522.jpg?v=1701079334899&size=80,To. X,"태연 (TAEYEON),",2:50
벅스,9,https://cdn.chartin.me/image/album/bugs/4095288.jpg?v=1705485984940&size=80,"Yes or No (Feat. 허윤진 of LE SSERAFIM, Crush)",그루비룸 (GroovyRoom),2:59
벅스,10,https://cdn.chartin.me/image/album/bugs/4095394.jpg?v=1706951677664&size=80,Wife,(여자)아이들,2:01
벅스,11,https://cdn.chartin.me/image/album/bugs/4094833.jpg?v=1704445673087&size=80,Love 119,RIIZE,2:53
벅스,12,https://cdn.chartin.me/image/album/bugs/4092452.jpg?v=1699231207371&size=80,Perfect Night,LE SSERAFIM (르세라핌),2:39
벅스,13,https://cdn.chartin.me/image/album/bugs/4095501.jpg?v=1706951681882&size=80,관객이 될게 (I stan U),아이유(IU),3:12
벅스,14,https://cdn.chartin.me/image/album/bugs/4092661.jpg?v=1699231222901&size=80,MANIAC,VIVIZ (비비지),3:15
벅스,15,https://cdn.chartin.me/image/album/bugs/20608836.jpg?v=1701598074867&size=80,비의 랩소디,임재현,3:55
벅스,16,https://cdn.chartin.me/image/album/bugs/4094127.jpg?v=1702461851215&size=80,에피소드,이무진,3:25
벅스,17,https://cdn.chartin.me/image/album/bugs/4095394.jpg?v=1706951677664&size=80,Super Lady,(여자)아이들,2:32
벅스,18,https://cdn.chartin.me/image/album/bugs/4096575.jpg?v=1708938641426&size=80,WAY 4 LUV,PLAVE,3:39
벅스,19,https://cdn.chartin.me/image/album/bugs/4092948.jpg?v=1699593626715&size=80,Drama,aespa,3:35
벅스,20,https://cdn.chartin.me/image/album/bugs/4090366.jpg?v=1699231049744&size=80,Get A Guitar,RIIZE,2:40
벅스,21,https://cdn.chartin.me/image/album/bugs/20265759.jpg?v=1699224668450&size=80,한 페이지가 될 수 있게,DAY6 (데이식스),3:25
벅스,22,https://cdn.chartin.me/image/album/bugs/4084947.jpg?v=1699230988773&size=80,I AM,IVE (아이브),3:03
벅스,23,https://cdn.chartin.me/image/album/bugs/4096408.jpg?v=1708941989911&size=80,TAP,태용 (TAEYONG),2:37
벅스,24,https://cdn.chartin.me/image/album/bugs/4090168.jpg?v=1699231046096&size=80,그대만 있다면 (여름날 우리 X 너드커넥션 (Nerd Connection)),너드커넥션(Nerd Connection),4:10
벅스,25,https://cdn.chartin.me/image/album/bugs/4094235.jpg?v=1702807534659&size=80,꿈,태연 (TAEYEON),3:58
벅스,26,https://cdn.chartin.me/image/album/bugs/20609824.jpg?v=1701684242756&size=80,DASH,NMIXX,2:47
벅스,27,https://cdn.chartin.me/image/album/bugs/4095604.jpg?v=1708333663891&size=80,Swan Song,LE SSERAFIM (르세라핌),2:37
벅스,28,https://cdn.chartin.me/image/album/bugs/4085673.jpg?v=1699230997780&size=80,헤어지자 말해요,박재정,4:03
벅스,29,https://cdn.chartin.me/image/album/bugs/20440993.jpg?v=1699226359903&size=80,인사,범진,3:35
벅스,30,https://cdn.chartin.me/image/album/bugs/4088574.jpg?v=1699231031076&size=80,ETA,NewJeans,2:31
벅스,31,https://cdn.chartin.me/image/album/bugs/4082425.jpg?v=1699230889796&size=80,Ditto,NewJeans,3:05
벅스,32,https://cdn.chartin.me/image/album/bugs/4091774.jpg?v=1699231141214&size=80,You & Me,제니 (JENNIE),2:59
벅스,33,https://cdn.chartin.me/image/album/bugs/4096392.jpg?v=1708509701074&size=80,천상연,이창섭,4:31
벅스,34,https://cdn.chartin.me/image/album/bugs/4095501.jpg?v=1706951681882&size=80,"Shh.. (Feat. 혜인(HYEIN), 조원선 & Special Narr. 패티김)",아이유(IU),3:46
벅스,35,https://cdn.chartin.me/image/album/bugs/4078016.jpg?v=1699230516296&size=80,Hype Boy,NewJeans,2:56
벅스,36,https://cdn.chartin.me/image/album/bugs/4091551.jpg?v=1699231118630&size=80,Baddie,IVE (아이브),2:34
벅스,37,https://cdn.chartin.me/image/album/bugs/4095604.jpg?v=1708333663891&size=80,Smart,LE SSERAFIM (르세라핌),2:46
벅스,38,https://cdn.chartin.me/image/album/bugs/4088912.jpg?v=1699231034295&size=80,Seven (feat. Latto) - Clean Ver.,정국,3:04
벅스,39,https://cdn.chartin.me/image/album/bugs/413209.jpg?v=1699231250028&size=80,너의 모든 순간,성시경,4:03
벅스,40,https://cdn.chartin.me/image/album/bugs/4090354.jpg?v=1699231049400&size=80,Love Lee,AKMU(악뮤),2:59
벅스,41,https://cdn.chartin.me/image/album/bugs/4090354.jpg?v=1699231049400&size=80,후라이의 꿈,AKMU(악뮤),3:24
벅스,42,https://cdn.chartin.me/image/album/bugs/20080494.jpg?v=1699223885022&size=80,예뻤어,DAY6 (데이식스),4:43
벅스,43,https://cdn.chartin.me/image/album/bugs/4088574.jpg?v=1699231031076&size=80,Super Shy,NewJeans,2:34
벅스,44,https://cdn.chartin.me/image/album/bugs/4092106.jpg?v=1699231174070&size=80,Discord,QWER,2:47
벅스,45,https://cdn.chartin.me/image/album/bugs/31755650.jpg?v=1699228272108&size=80,Steal The Show (From “엘리멘탈”),Lauv(라우브),3:11
벅스,46,https://cdn.chartin.me/image/album/bugs/4079006.jpg?v=1699230592079&size=80,숲,최유리,3:48
벅스,47,https://cdn.chartin.me/image/album/bugs/4086320.jpg?v=1699231005226&size=80,퀸카 (Queencard),(여자)아이들,2:41
벅스,48,https://cdn.chartin.me/image/album/bugs/4073469.jpg?v=1699230235872&size=80,사건의 지평선,윤하(Younha/ユンナ),5:00
벅스,49,https://cdn.chartin.me/image/album/bugs/4091551.jpg?v=1699231118630&size=80,Off The Record,IVE (아이브),3:08
벅스,50,https://cdn.chartin.me/image/album/bugs/4078936.jpg?v=1699230589140&size=80,After LIKE,IVE (아이브),2:57
벅스,51,https://cdn.chartin.me/image/album/bugs/20563467.jpg?v=1699227500384&size=80,Spicy,aespa,3:17
벅스,52,https://cdn.chartin.me/image/album/bugs/4092445.jpg?v=1699231205921&size=80,Talk Saxy,RIIZE,3:11
벅스,53,https://cdn.chartin.me/image/album/bugs/4092706.jpg?v=1699231227949&size=80,Standing Next to You,정국,3:26
벅스,54,https://cdn.chartin.me/image/album/bugs/4078016.jpg?v=1699230516296&size=80,Attention,NewJeans,2:58
벅스,55,https://cdn.chartin.me/image/album/bugs/4084947.jpg?v=1699230988773&size=80,Kitsch,IVE (아이브),3:15
벅스,56,https://cdn.chartin.me/image/album/bugs/20154722.jpg?v=1699224092878&size=80,"모든 날, 모든 순간 (Every day, Every Moment)",폴킴(Paul Kim),3:30
벅스,57,https://cdn.chartin.me/image/album/bugs/4088497.jpg?v=1699231030158&size=80,"잘 지내자, 우리 (여름날 우리 X 로이킴)",로이킴,4:18
벅스,58,https://cdn.chartin.me/image/album/bugs/4073710.jpg?v=1699230250862&size=80,LOVE DIVE,IVE (아이브),2:57
벅스,59,https://cdn.chartin.me/image/album/bugs/527746.jpg?v=1699231631532&size=80,Dangerously,Charlie Puth(찰리 푸스),3:19
벅스,60,https://cdn.chartin.me/image/album/bugs/4091001.jpg?v=1699231084062&size=80,별 떨어진다 (I Do),디오 (D.O.),2:43
벅스,61,https://cdn.chartin.me/image/album/bugs/20278851.jpg?v=1699224783990&size=80,"어떻게 이별까지 사랑하겠어, 널 사랑하는 거지",AKMU(악뮤),4:50
벅스,62,https://cdn.chartin.me/image/album/bugs/30535371.jpg?v=1699228160202&size=80,건물 사이에 피어난 장미 (Rose Blossom),H1-KEY (하이키),3:15
벅스,63,https://cdn.chartin.me/image/album/bugs/4092154.jpg?v=1699231177609&size=80,잠시라도 우리,"성시경, 나얼(Na-Ul)",4:53
벅스,64,https://cdn.chartin.me/image/album/bugs/4079758.jpg?v=1699230643289&size=80,I Don’t Think That I Like Her,Charlie Puth(찰리 푸스),3:08
벅스,65,https://cdn.chartin.me/image/album/bugs/20237198.jpg?v=1699224488340&size=80,주저하는 연인들을 위해,잔나비,4:25
벅스,66,https://cdn.chartin.me/image/album/bugs/4088574.jpg?v=1699231031076&size=80,New Jeans,NewJeans,1:49
벅스,67,https://cdn.chartin.me/image/album/bugs/4085992.jpg?v=1699231001880&size=80,"이브, 프시케 그리고 푸른 수염의 아내",LE SSERAFIM (르세라핌),3:05
벅스,68,https://cdn.chartin.me/image/album/bugs/4082425.jpg?v=1699230889796&size=80,OMG,NewJeans,3:32
벅스,69,https://cdn.chartin.me/image/album/bugs/20156782.jpg?v=1699224105460&size=80,어른,Sondia,4:19
벅스,70,https://cdn.chartin.me/image/album/bugs/4071363.jpg?v=1699230111100&size=80,사랑인가 봐,멜로망스(MeloMance),3:05
벅스,71,https://cdn.chartin.me/image/album/bugs/15817728.jpg?v=1699223058284&size=80,STAY,"The Kid LAROI, Justin Bieber(저스틴 비버)",2:21
벅스,72,https://cdn.chartin.me/image/album/bugs/4083914.jpg?v=1699230977368&size=80,심(心),DK(디셈버),4:17
벅스,73,https://cdn.chartin.me/image/album/bugs/20594564.jpg?v=1699227608983&size=80,GODS,"NewJeans, League of Legends",3:40
벅스,74,https://cdn.chartin.me/image/album/bugs/15175845.jpg?v=1699222895890&size=80,Off My Face,Justin Bieber(저스틴 비버),2:36
벅스,75,https://cdn.chartin.me/image/album/bugs/4093008.jpg?v=1699866510312&size=80,Chill Kill,Red Velvet (레드벨벳),3:34
벅스,76,https://cdn.chartin.me/image/album/bugs/4085791.jpg?v=1699230999209&size=80,손오공,세븐틴(SEVENTEEN),3:20
벅스,77,https://cdn.chartin.me/image/album/bugs/4065831.jpg?v=1699229732598&size=80,사랑은 늘 도망가,임영웅,4:02
벅스,78,https://cdn.chartin.me/image/album/bugs/20577670.jpg?v=1699227513829&size=80,사막에서 꽃을 피우듯,우디(Woody),4:19
벅스,79,https://cdn.chartin.me/image/album/bugs/4085992.jpg?v=1699231001880&size=80,UNFORGIVEN (feat. Nile Rodgers),LE SSERAFIM (르세라핌),3:02
벅스,80,https://cdn.chartin.me/image/album/bugs/4045282.jpg?v=1699229364050&size=80,다정히 내 이름을 부르면,"경서예지, 전건호",3:51
벅스,81,https://cdn.chartin.me/image/album/bugs/19918891.jpg?v=1699223652657&size=80,When I Get Old,"Christopher(크리스토퍼), 청하",3:04
벅스,82,https://cdn.chartin.me/image/album/bugs/4094057.jpg?v=1702375370337&size=80,사랑할 수밖에,볼빨간사춘기,3:45
벅스,83,https://cdn.chartin.me/image/album/bugs/4089914.jpg?v=1699231043088&size=80,Fast Forward,전소미,2:40
벅스,84,https://cdn.chartin.me/image/album/bugs/4092279.jpg?v=1699231191684&size=80,음악의 신,세븐틴(SEVENTEEN),3:25
벅스,85,https://cdn.chartin.me/image/album/bugs/4080706.jpg?v=1699230722148&size=80,ANTIFRAGILE,LE SSERAFIM (르세라핌),3:04
벅스,86,https://cdn.chartin.me/image/album/bugs/4083586.jpg?v=1699230975813&size=80,파이팅 해야지 (Feat. 이영지),부석순(SEVENTEEN),3:24
벅스,87,https://cdn.chartin.me/image/album/bugs/4080553.jpg?v=1699230709550&size=80,Underwater,권은비,2:50
벅스,88,https://cdn.chartin.me/image/album/bugs/820990.jpg?v=1699232228279&size=80,그대가 내 안에 박혔다,황치열,3:54
벅스,89,https://cdn.chartin.me/image/album/bugs/400586.jpg?v=1699228956362&size=80,첫 눈,EXO,3:27
벅스,90,https://cdn.chartin.me/image/album/bugs/4090183.jpg?v=1699231046345&size=80,Bubble,STAYC(스테이씨),2:59
벅스,91,https://cdn.chartin.me/image/album/bugs/4091551.jpg?v=1699231118630&size=80,Either Way,IVE (아이브),2:47
벅스,92,https://cdn.chartin.me/image/album/bugs/4069154.jpg?v=1699229959258&size=80,취중고백,김민석,3:48
벅스,93,https://cdn.chartin.me/image/album/bugs/4090321.jpg?v=1699231049059&size=80,달빛에 그려지는,미연 ((여자)아이들),4:04
벅스,94,https://cdn.chartin.me/image/album/bugs/20277573.jpg?v=1699224771810&size=80,운이 좋았지,권진아,4:16
벅스,95,https://cdn.chartin.me/image/album/bugs/4083248.jpg?v=1699230964092&size=80,그대가 내 안에 박혔다(그내박),순순희(기태),3:37
벅스,96,https://cdn.chartin.me/image/album/bugs/20587839.jpg?v=1699227532962&size=80,"Smoke (Prod. Dynamicduo, Padi)","다이나믹 듀오, 이영지",3:29
벅스,97,https://cdn.chartin.me/image/album/bugs/4094203.jpg?v=1702620233774&size=80,넌 쉽게 말했지만,"소수빈, 싱어게인3 49호 가수",3:09
벅스,98,https://cdn.chartin.me/image/album/bugs/4095239.jpg?v=1705377840927&size=80,기억해줘요 내 모든 날과 그때를,화곡동 청개구리,3:36
벅스,99,https://cdn.chartin.me/image/album/bugs/4096593.jpg?v=1708941990030&size=80,Love or Die,CRAVITY,2:47
벅스,100,https://cdn.chartin.me/image/album/bugs/4093664.jpg?v=1701425949830&size=80,"그대가 있는 곳, 언제 어디든",로이킴,3:40
바이브,1,https://cdn.chartin.me/image/album/vibe/30864083.jpg?v=1707818646674&size=80,밤양갱,비비(BIBI),2:26
바이브,2,https://cdn.chartin.me/image/album/vibe/30796788.jpg?v=1706952411076&size=80,Love wins all,아이유(IU),4:31
바이브,3,https://cdn.chartin.me/image/album/vibe/30624437.jpg?v=1706952347002&size=80,첫 만남은 계획대로 되지 않아,TWS(투어스),2:32
바이브,4,https://cdn.chartin.me/image/album/vibe/30811889.jpg?v=1708333665280&size=80,EASY,LE SSERAFIM (르세라핌),2:44
바이브,5,https://cdn.chartin.me/image/album/vibe/30408961.jpg?v=1701079344125&size=80,To. X,태연 (TAEYEON),2:50
바이브,6,https://cdn.chartin.me/image/album/vibe/30416945.jpg?v=1701598079523&size=80,비의 랩소디,임재현,3:55
바이브,7,https://cdn.chartin.me/image/album/vibe/30116533.jpg?v=1706952341948&size=80,Perfect Night,LE SSERAFIM (르세라핌),2:39
바이브,8,https://cdn.chartin.me/image/album/vibe/30792280.jpg?v=1706952368680&size=80,Wife,(여자)아이들,2:01
바이브,9,https://cdn.chartin.me/image/album/vibe/30796788.jpg?v=1706952411076&size=80,홀씨,아이유(IU),3:10
바이브,10,https://cdn.chartin.me/image/album/vibe/9494325.jpg?v=1699329398284&size=80,헤어지자 말해요,박재정,4:03
바이브,11,https://cdn.chartin.me/image/album/vibe/30633423.jpg?v=1704445674997&size=80,Love 119,RIIZE,2:53
바이브,12,https://cdn.chartin.me/image/album/vibe/10174038.jpg?v=1699256275309&size=80,그대만 있다면 (여름날 우리 X 너드커넥션 (Nerd Connection)),너드커넥션(Nerd Connection),4:10
바이브,13,https://cdn.chartin.me/image/album/vibe/30792280.jpg?v=1706952368680&size=80,Super Lady,(여자)아이들,2:32
바이브,14,https://cdn.chartin.me/image/album/vibe/30792280.jpg?v=1706952368680&size=80,나는 아픈 건 딱 질색이니까,(여자)아이들,2:41
바이브,15,https://cdn.chartin.me/image/album/vibe/30254000.jpg?v=1699593628199&size=80,Drama,aespa,3:34
바이브,16,https://cdn.chartin.me/image/album/vibe/6747334.jpg?v=1699292343959&size=80,인사,범진,3:35
바이브,17,https://cdn.chartin.me/image/album/vibe/9334427.jpg?v=1699329318710&size=80,I AM,IVE(아이브),3:03
바이브,18,https://cdn.chartin.me/image/album/vibe/30483267.jpg?v=1702461853062&size=80,에피소드,이무진,3:25
바이브,19,https://cdn.chartin.me/image/album/vibe/30128910.jpg?v=1699260454772&size=80,MANIAC,VIVIZ(비비지),3:15
바이브,20,https://cdn.chartin.me/image/album/vibe/10414601.jpg?v=1699256954979&size=80,Baddie,IVE(아이브),2:34
바이브,21,https://cdn.chartin.me/image/album/vibe/30451566.jpg?v=1702375676499&size=80,사랑할 수밖에,볼빨간사춘기,3:45
바이브,22,https://cdn.chartin.me/image/album/vibe/10197837.jpg?v=1699256300571&size=80,Love Lee,AKMU(악뮤),2:59
바이브,23,https://cdn.chartin.me/image/album/vibe/30796788.jpg?v=1706952411076&size=80,Shopper,아이유(IU),3:35
바이브,24,https://cdn.chartin.me/image/album/vibe/10042234.jpg?v=1699256133102&size=80,사막에서 꽃을 피우듯,우디 (Woody),4:19
바이브,25,https://cdn.chartin.me/image/album/vibe/10484441.jpg?v=1699257149283&size=80,You & Me,제니 (JENNIE),2:59
바이브,26,https://cdn.chartin.me/image/album/vibe/9637036.jpg?v=1699329455818&size=80,퀸카 (Queencard),(여자)아이들,2:41
바이브,27,https://cdn.chartin.me/image/album/vibe/30095364.jpg?v=1699260179983&size=80,잠시라도 우리,"성시경, 나얼",4:53
바이브,28,https://cdn.chartin.me/image/album/vibe/10035234.jpg?v=1699256099950&size=80,ETA,NewJeans,2:31
바이브,29,https://cdn.chartin.me/image/album/vibe/10048448.jpg?v=1706952326994&size=80,Seven (feat. Latto) - Clean Ver.,정국,3:04
바이브,30,https://cdn.chartin.me/image/album/vibe/10197892.jpg?v=1699256300797&size=80,Get A Guitar,RIIZE,2:40
바이브,31,https://cdn.chartin.me/image/album/vibe/10035234.jpg?v=1699256099950&size=80,Super Shy,NewJeans,2:34
바이브,32,https://cdn.chartin.me/image/album/vibe/3199865.jpg?v=1699261308922&size=80,"어떻게 이별까지 사랑하겠어, 널 사랑하는 거지",AKMU(악뮤),4:50
바이브,33,https://cdn.chartin.me/image/album/vibe/8500274.jpg?v=1699327388031&size=80,Ditto,NewJeans,3:06
바이브,34,https://cdn.chartin.me/image/album/vibe/416823.jpg?v=1706952558322&size=80,너의 모든 순간,성시경,4:03
바이브,35,https://cdn.chartin.me/image/album/vibe/3117381.jpg?v=1699260910409&size=80,한 페이지가 될 수 있게,DAY6(데이식스),3:25
바이브,36,https://cdn.chartin.me/image/album/vibe/7434553.jpg?v=1699300370476&size=80,사건의 지평선,윤하,5:00
바이브,37,https://cdn.chartin.me/image/album/vibe/7795016.jpg?v=1699310412477&size=80,Hype Boy,NewJeans,2:56
바이브,38,https://cdn.chartin.me/image/album/vibe/10232861.jpg?v=1699256618713&size=80,별 떨어진다 (I Do),디오 (D.O.),2:43
바이브,39,https://cdn.chartin.me/image/album/vibe/10197837.jpg?v=1699256300571&size=80,후라이의 꿈,AKMU(악뮤),3:24
바이브,40,https://cdn.chartin.me/image/album/vibe/10414601.jpg?v=1699256954979&size=80,Off The Record,IVE(아이브),3:08
바이브,41,https://cdn.chartin.me/image/album/vibe/9613552.jpg?v=1699329427809&size=80,물론,허각,3:43
바이브,42,https://cdn.chartin.me/image/album/vibe/30812024.jpg?v=1706952478598&size=80,널 미워하기로 했어,이예준,4:16
바이브,43,https://cdn.chartin.me/image/album/vibe/8746607.jpg?v=1701404506134&size=80,그대가 내 안에 박혔다(그내박),순순희(기태),3:37
바이브,44,https://cdn.chartin.me/image/album/vibe/30802848.jpg?v=1706952437830&size=80,새벽 통화,적재,3:04
바이브,45,https://cdn.chartin.me/image/album/vibe/9045225.jpg?v=1699329224987&size=80,심(心),DK(디셈버),4:17
바이브,46,https://cdn.chartin.me/image/album/vibe/30431466.jpg?v=1701944382329&size=80,입술 (Feat. 10CM),헤이즈 (Heize),3:21
바이브,47,https://cdn.chartin.me/image/album/vibe/7969069.jpg?v=1699312811809&size=80,After LIKE,IVE(아이브),2:56
바이브,48,https://cdn.chartin.me/image/album/vibe/6810656.jpg?v=1699292894362&size=80,드라마,아이유(IU),2:08
바이브,49,https://cdn.chartin.me/image/album/vibe/9620172.jpg?v=1699329443138&size=80,Spicy,aespa,3:17
바이브,50,https://cdn.chartin.me/image/album/vibe/1779662.jpg?v=1706952331565&size=80,예뻤어,DAY6(데이식스),4:43
바이브,51,https://cdn.chartin.me/image/album/vibe/30422387.jpg?v=1701685689805&size=80,DASH,NMIXX,2:46
바이브,52,https://cdn.chartin.me/image/album/vibe/9729747.jpg?v=1699329504855&size=80,사실말야내가말야그게그러니까말이야,케이시(Kassy),2:55
바이브,53,https://cdn.chartin.me/image/album/vibe/10142260.jpg?v=1699256233359&size=80,Fast Forward,전소미,2:40
바이브,54,https://cdn.chartin.me/image/album/vibe/30094485.jpg?v=1699394574063&size=80,Discord,QWER,2:47
바이브,55,https://cdn.chartin.me/image/album/vibe/6958691.jpg?v=1699294605923&size=80,I Don't Think That I Like Her,Charlie Puth,3:08
바이브,56,https://cdn.chartin.me/image/album/vibe/9615768.jpg?v=1699329439749&size=80,"이브, 프시케 그리고 푸른 수염의 아내",LE SSERAFIM (르세라핌),3:05
바이브,57,https://cdn.chartin.me/image/album/vibe/8659695.jpg?v=1699328914148&size=80,건물 사이에 피어난 장미 (Rose Blossom),H1-KEY(하이키),3:15
바이브,58,https://cdn.chartin.me/image/album/vibe/406680.jpg?v=1699262148051&size=80,첫 눈,EXO,3:27
바이브,59,https://cdn.chartin.me/image/album/vibe/9334427.jpg?v=1699329318710&size=80,Kitsch,IVE(아이브),3:15
바이브,60,https://cdn.chartin.me/image/album/vibe/6739257.jpg?v=1699291973862&size=80,취중고백,김민석,3:48
바이브,61,https://cdn.chartin.me/image/album/vibe/9741533.jpg?v=1699329526073&size=80,나에게 그대만이,탑현,3:10
바이브,62,https://cdn.chartin.me/image/album/vibe/7443411.jpg?v=1699300866168&size=80,LOVE DIVE,IVE(아이브),2:57
바이브,63,https://cdn.chartin.me/image/album/vibe/30818830.jpg?v=1706952532919&size=80,영원을 약속해줘요,김민석,4:28
바이브,64,https://cdn.chartin.me/image/album/vibe/1773336.jpg?v=1699257687893&size=80,첫눈처럼 너에게 가겠다,에일리(Ailee),3:50
바이브,65,https://cdn.chartin.me/image/album/vibe/30878664.jpg?v=1708510013152&size=80,천상연,이창섭,4:31
바이브,66,https://cdn.chartin.me/image/album/vibe/30642340.jpg?v=1704535438146&size=80,I Love You,안세하,5:12
바이브,67,https://cdn.chartin.me/image/album/vibe/2923941.jpg?v=1699259882206&size=80,주저하는 연인들을 위해,잔나비,4:25
바이브,68,https://cdn.chartin.me/image/album/vibe/30154015.jpg?v=1699330959117&size=80,Standing Next to You,정국,3:26
바이브,69,https://cdn.chartin.me/image/album/vibe/1855408.jpg?v=1699257831753&size=80,밤편지,아이유(IU),4:13
바이브,70,https://cdn.chartin.me/image/album/vibe/10212026.jpg?v=1699256407275&size=80,"Smoke (Prod. Dynamicduo, Padi)","다이나믹 듀오, 이영지",3:29
바이브,71,https://cdn.chartin.me/image/album/vibe/10184746.jpg?v=1699256276300&size=80,Bubble,STAYC(스테이씨),2:59
바이브,72,https://cdn.chartin.me/image/album/vibe/5083052.jpg?v=1699264231389&size=80,밤하늘의 별을 (2020),경서,3:37
바이브,73,https://cdn.chartin.me/image/album/vibe/30106352.jpg?v=1699260263059&size=80,음악의 신,세븐틴 (SEVENTEEN),3:25
바이브,74,https://cdn.chartin.me/image/album/vibe/9554326.jpg?v=1699329408335&size=80,손오공,세븐틴 (SEVENTEEN),3:20
바이브,75,https://cdn.chartin.me/image/album/vibe/5880633.jpg?v=1699270938811&size=80,다정히 내 이름을 부르면,"경서예지, 전건호",3:51
바이브,76,https://cdn.chartin.me/image/album/vibe/30760032.jpg?v=1705377842701&size=80,기억해줘요 내 모든 날과 그때를,화곡동 청개구리,3:36
바이브,77,https://cdn.chartin.me/image/album/vibe/8241264.jpg?v=1699318668594&size=80,When I Get Old,"Christopher, 청하",3:04
바이브,78,https://cdn.chartin.me/image/album/vibe/6465843.jpg?v=1699285409114&size=80,사랑은 늘 도망가,임영웅,4:02
바이브,79,https://cdn.chartin.me/image/album/vibe/577335.jpg?v=1706952559975&size=80,Dangerously,Charlie Puth,3:19
바이브,80,https://cdn.chartin.me/image/album/vibe/9647590.jpg?v=1699329459969&size=80,사랑..그게 뭔데,지아,3:45
바이브,81,https://cdn.chartin.me/image/album/vibe/7795016.jpg?v=1699310412477&size=80,Attention,NewJeans,2:58
바이브,82,https://cdn.chartin.me/image/album/vibe/30782615.jpg?v=1705626935043&size=80,All Night (Feat. Saweetie),IVE(아이브),3:17
바이브,83,https://cdn.chartin.me/image/album/vibe/8500274.jpg?v=1699327388031&size=80,OMG,NewJeans,3:37
바이브,84,https://cdn.chartin.me/image/album/vibe/30277276.jpg?v=1699866512342&size=80,Chill Kill,Red Velvet (레드벨벳),3:34
바이브,85,https://cdn.chartin.me/image/album/vibe/8075678.jpg?v=1699314807926&size=80,Monologue,테이,4:21
바이브,86,https://cdn.chartin.me/image/album/vibe/10414601.jpg?v=1699256954979&size=80,Either Way,IVE(아이브),2:46
바이브,87,https://cdn.chartin.me/image/album/vibe/7511118.jpg?v=1699302569774&size=80,나의 X에게,경서,3:07
바이브,88,https://cdn.chartin.me/image/album/vibe/30783280.jpg?v=1705658812416&size=80,@은영이에게,#안녕,4:51
바이브,89,https://cdn.chartin.me/image/album/vibe/2421567.jpg?v=1699258660571&size=80,"모든 날, 모든 순간 (Every day, Every Moment)",폴킴,3:30
바이브,90,https://cdn.chartin.me/image/album/vibe/2440415.jpg?v=1699258693667&size=80,어른,Sondia,4:19
바이브,91,https://cdn.chartin.me/image/album/vibe/9615768.jpg?v=1699329439749&size=80,UNFORGIVEN (feat. Nile Rodgers),LE SSERAFIM (르세라핌),3:02
바이브,92,https://cdn.chartin.me/image/album/vibe/8835837.jpg?v=1699329194052&size=80,파이팅 해야지 (Feat. 이영지),부석순(SEVENTEEN),3:24
바이브,93,https://cdn.chartin.me/image/album/vibe/30796788.jpg?v=1706952411076&size=80,관객이 될게 (I stan U),아이유(IU),3:12
바이브,94,https://cdn.chartin.me/image/album/vibe/8830640.jpg?v=1699329190908&size=80,Teddy Bear,STAYC(스테이씨),3:09
바이브,95,https://cdn.chartin.me/image/album/vibe/8550111.jpg?v=1699328069800&size=80,그댄 행복에 살텐데 (2022),최유리,4:34
바이브,96,https://cdn.chartin.me/image/album/vibe/30796788.jpg?v=1706952411076&size=80,"Shh.. (Feat. 혜인(HYEIN), 조원선 & Special Narr. 패티김)",아이유(IU),3:46
바이브,97,https://cdn.chartin.me/image/album/vibe/9741524.jpg?v=1699329524343&size=80,사랑의 바보,제이세라(J-Cera),3:53
바이브,98,https://cdn.chartin.me/image/album/vibe/9728426.jpg?v=1699329499865&size=80,Steal The Show (From “엘리멘탈”),Lauv,3:11
바이브,99,https://cdn.chartin.me/image/album/vibe/30297324.jpg?v=1700042584977&size=80,지극히 사적인 얘기,다비치,3:23
바이브,100,https://cdn.chartin.me/image/album/vibe/30449524.jpg?v=1702375676079&size=80,골목길 (with 성시경),"이하이, 성시경",4:45
circle,1,https://cdn.chartin.me/image/album/circle/30864083.jpg?v=1708567134012&size=80,밤양갱,비비(BIBI),2:26
circle,2,https://cdn.chartin.me/image/album/circle/30796788.jpg?v=1706951785167&size=80,Love wins all,아이유(IU),4:31
circle,3,https://cdn.chartin.me/image/album/circle/30624437.jpg?v=1706951781309&size=80,첫 만남은 계획대로 되지 않아,TWS(투어스),2:32
circle,4,https://cdn.chartin.me/image/album/circle/30408961.jpg?v=1701914039819&size=80,To. X,태연 (TAEYEON),2:50
circle,5,https://cdn.chartin.me/image/album/circle/30416945.jpg?v=1702519393067&size=80,비의 랩소디,임재현,3:55
circle,6,https://cdn.chartin.me/image/album/circle/30796788.jpg?v=1706951785167&size=80,Shopper,아이유(IU),3:35
circle,7,https://cdn.chartin.me/image/album/circle/30796788.jpg?v=1706951785167&size=80,홀씨,아이유(IU),3:10
circle,8,https://cdn.chartin.me/image/album/circle/30116533.jpg?v=1706951777762&size=80,Perfect Night,LE SSERAFIM (르세라핌),2:39
circle,9,https://cdn.chartin.me/image/album/circle/30633423.jpg?v=1705543098358&size=80,Love 119,RIIZE,2:53
circle,10,https://cdn.chartin.me/image/album/circle/30811889.jpg?v=1709171961427&size=80,EASY,LE SSERAFIM (르세라핌),2:44
circle,11,https://cdn.chartin.me/image/album/circle/10174038.jpg?v=1699232800075&size=80,그대만 있다면 (여름날 우리 X 너드커넥션 (Nerd Connection)),너드커넥션(Nerd Connection),4:10
circle,12,https://cdn.chartin.me/image/album/circle/30483267.jpg?v=1703124223018&size=80,에피소드,이무진,3:25
circle,13,https://cdn.chartin.me/image/album/circle/30254000.jpg?v=1700099862226&size=80,Drama,aespa,3:34
circle,14,https://cdn.chartin.me/image/album/circle/9494325.jpg?v=1699234078656&size=80,헤어지자 말해요,박재정,4:03
circle,15,https://cdn.chartin.me/image/album/circle/30792280.jpg?v=1706951784505&size=80,Super Lady,(여자)아이들,2:32
circle,16,https://cdn.chartin.me/image/album/circle/6747334.jpg?v=1699495548377&size=80,인사,범진,3:35
circle,17,https://cdn.chartin.me/image/album/circle/30792280.jpg?v=1706951784505&size=80,Wife,(여자)아이들,2:01
circle,18,https://cdn.chartin.me/image/album/circle/30128910.jpg?v=1702519392842&size=80,MANIAC,VIVIZ(비비지),3:15
circle,19,https://cdn.chartin.me/image/album/circle/9334427.jpg?v=1699234074440&size=80,I AM,IVE(아이브),3:03
circle,20,https://cdn.chartin.me/image/album/circle/30796788.jpg?v=1706951785167&size=80,"Shh.. (Feat. 혜인(HYEIN), 조원선 & Special Narr. 패티김)",아이유(IU),3:46
circle,21,https://cdn.chartin.me/image/album/circle/30554651.jpg?v=1703728781808&size=80,꿈,태연 (TAEYEON),3:58
circle,22,https://cdn.chartin.me/image/album/circle/10197892.jpg?v=1699232823647&size=80,Get A Guitar,RIIZE,2:40
circle,23,https://cdn.chartin.me/image/album/circle/30796788.jpg?v=1706951785167&size=80,관객이 될게 (I stan U),아이유(IU),3:12
circle,24,https://cdn.chartin.me/image/album/circle/10048448.jpg?v=1706951700281&size=80,Seven (feat. Latto) - Clean Ver.,정국,3:04
circle,25,https://cdn.chartin.me/image/album/circle/416823.jpg?v=1706951905511&size=80,너의 모든 순간,성시경,4:03
circle,26,https://cdn.chartin.me/image/album/circle/10414601.jpg?v=1699233080362&size=80,Baddie,IVE(아이브),2:34
circle,27,https://cdn.chartin.me/image/album/circle/10197837.jpg?v=1699232823326&size=80,Love Lee,AKMU(악뮤),2:59
circle,28,https://cdn.chartin.me/image/album/circle/1779662.jpg?v=1706951725073&size=80,예뻤어,DAY6(데이식스),4:43
circle,29,https://cdn.chartin.me/image/album/circle/30792280.jpg?v=1706951784505&size=80,나는 아픈 건 딱 질색이니까,(여자)아이들,2:41
circle,30,https://cdn.chartin.me/image/album/circle/3117381.jpg?v=1699233690871&size=80,한 페이지가 될 수 있게,DAY6(데이식스),3:25
circle,31,https://cdn.chartin.me/image/album/circle/7795016.jpg?v=1699234023468&size=80,Hype Boy,NewJeans,2:56
circle,32,https://cdn.chartin.me/image/album/circle/10035234.jpg?v=1699232728172&size=80,Super Shy,NewJeans,2:34
circle,33,https://cdn.chartin.me/image/album/circle/10035234.jpg?v=1699232728172&size=80,ETA,NewJeans,2:31
circle,34,https://cdn.chartin.me/image/album/circle/8500274.jpg?v=1699234053521&size=80,Ditto,NewJeans,3:06
circle,35,https://cdn.chartin.me/image/album/circle/10484441.jpg?v=1699233154809&size=80,You & Me,제니 (JENNIE),2:59
circle,36,https://cdn.chartin.me/image/album/circle/10042234.jpg?v=1699232730295&size=80,사막에서 꽃을 피우듯,우디 (Woody),4:19
circle,37,https://cdn.chartin.me/image/album/circle/9637036.jpg?v=1699234081424&size=80,퀸카 (Queencard),(여자)아이들,2:41
circle,38,https://cdn.chartin.me/image/album/circle/10030594.jpg?v=1699232726999&size=80,"잘 지내자, 우리 (여름날 우리 X 로이킴)",로이킴,4:18
circle,39,https://cdn.chartin.me/image/album/circle/30771335.jpg?v=1706951783339&size=80,"Yes or No (Feat. 허윤진 of LE SSERAFIM, Crush)",그루비룸(GroovyRoom),2:59
circle,40,https://cdn.chartin.me/image/album/circle/6465843.jpg?v=1699233940353&size=80,사랑은 늘 도망가,임영웅,4:02
circle,41,https://cdn.chartin.me/image/album/circle/3199865.jpg?v=1699233707792&size=80,"어떻게 이별까지 사랑하겠어, 널 사랑하는 거지",AKMU(악뮤),4:50
circle,42,https://cdn.chartin.me/image/album/circle/7434553.jpg?v=1699233998993&size=80,사건의 지평선,윤하,5:00
circle,43,https://cdn.chartin.me/image/album/circle/10197837.jpg?v=1699232823326&size=80,후라이의 꿈,AKMU(악뮤),3:24
circle,44,https://cdn.chartin.me/image/album/circle/9045225.jpg?v=1699234065335&size=80,심(心),DK(디셈버),4:17
circle,45,https://cdn.chartin.me/image/album/circle/9620172.jpg?v=1699234080933&size=80,Spicy,aespa,3:17
circle,46,https://cdn.chartin.me/image/album/circle/2923941.jpg?v=1699233659995&size=80,주저하는 연인들을 위해,잔나비,4:25
circle,47,https://cdn.chartin.me/image/album/circle/7226704.jpg?v=1699233987782&size=80,사랑인가 봐,멜로망스(Melomance),3:05
circle,48,https://cdn.chartin.me/image/album/circle/9615768.jpg?v=1699234080603&size=80,"이브, 프시케 그리고 푸른 수염의 아내",LE SSERAFIM (르세라핌),3:05
circle,49,https://cdn.chartin.me/image/album/circle/30094485.jpg?v=1700704701713&size=80,Discord,QWER,2:47
circle,50,https://cdn.chartin.me/image/album/circle/30760032.jpg?v=1706951782928&size=80,기억해줘요 내 모든 날과 그때를,화곡동 청개구리,3:36
circle,51,https://cdn.chartin.me/image/album/circle/8746607.jpg?v=1699234059782&size=80,그대가 내 안에 박혔다(그내박),순순희(기태),3:37
circle,52,https://cdn.chartin.me/image/album/circle/2421567.jpg?v=1699233585171&size=80,"모든 날, 모든 순간 (Every day, Every Moment)",폴킴,3:30
circle,53,https://cdn.chartin.me/image/album/circle/6739257.jpg?v=1699233971930&size=80,취중고백,김민석,3:48
circle,54,https://cdn.chartin.me/image/album/circle/30451566.jpg?v=1703124222932&size=80,사랑할 수밖에,볼빨간사춘기,3:45
circle,55,https://cdn.chartin.me/image/album/circle/7443411.jpg?v=1699233999844&size=80,LOVE DIVE,IVE(아이브),2:57
circle,56,https://cdn.chartin.me/image/album/circle/406680.jpg?v=1700099862410&size=80,첫 눈,EXO,3:27
circle,57,https://cdn.chartin.me/image/album/circle/9399613.jpg?v=1699234075427&size=80,사랑하지 않아서 그랬어,임한별,3:43
circle,58,https://cdn.chartin.me/image/album/circle/8500274.jpg?v=1699234053521&size=80,OMG,NewJeans,3:37
circle,59,https://cdn.chartin.me/image/album/circle/9334427.jpg?v=1699234074440&size=80,Kitsch,IVE(아이브),3:15
circle,60,https://cdn.chartin.me/image/album/circle/7969069.jpg?v=1699234027670&size=80,After LIKE,IVE(아이브),2:56
circle,61,https://cdn.chartin.me/image/album/circle/30154015.jpg?v=1699495548310&size=80,Standing Next to You,정국,3:26
circle,62,https://cdn.chartin.me/image/album/circle/9728426.jpg?v=1699234086257&size=80,Steal The Show (From “엘리멘탈”),Lauv,3:11
circle,63,https://cdn.chartin.me/image/album/circle/10232861.jpg?v=1699232865999&size=80,별 떨어진다 (I Do),디오 (D.O.),2:43
circle,64,https://cdn.chartin.me/image/album/circle/577335.jpg?v=1706951992270&size=80,Dangerously,Charlie Puth,3:19
circle,65,https://cdn.chartin.me/image/album/circle/9554326.jpg?v=1699234079264&size=80,손오공,세븐틴 (SEVENTEEN),3:20
circle,66,https://cdn.chartin.me/image/album/circle/5880633.jpg?v=1699233877342&size=80,다정히 내 이름을 부르면,"경서예지, 전건호",3:51
circle,67,https://cdn.chartin.me/image/album/circle/7795016.jpg?v=1699234023468&size=80,Attention,NewJeans,2:58
circle,68,https://cdn.chartin.me/image/album/circle/9615768.jpg?v=1699234080603&size=80,UNFORGIVEN (feat. Nile Rodgers),LE SSERAFIM (르세라핌),3:02
circle,69,https://cdn.chartin.me/image/album/circle/30106352.jpg?v=1699233670198&size=80,음악의 신,세븐틴 (SEVENTEEN),3:25
circle,70,https://cdn.chartin.me/image/album/circle/10142260.jpg?v=1699232774394&size=80,Fast Forward,전소미,2:40
circle,71,https://cdn.chartin.me/image/album/circle/10414601.jpg?v=1699233080362&size=80,Off The Record,IVE(아이브),3:08
circle,72,https://cdn.chartin.me/image/album/circle/8659695.jpg?v=1699234056427&size=80,건물 사이에 피어난 장미 (Rose Blossom),H1-KEY(하이키),3:15
circle,73,https://cdn.chartin.me/image/album/circle/7584603.jpg?v=1699234012595&size=80,해요 (2022),#안녕,3:58
circle,74,https://cdn.chartin.me/image/album/circle/9647590.jpg?v=1699234081753&size=80,사랑..그게 뭔데,지아,3:45
circle,75,https://cdn.chartin.me/image/album/circle/9613552.jpg?v=1699234079952&size=80,물론,허각,3:43
circle,76,https://cdn.chartin.me/image/album/circle/30642340.jpg?v=1705543098463&size=80,I Love You,안세하,5:12
circle,77,https://cdn.chartin.me/image/album/circle/10184746.jpg?v=1699232809742&size=80,Bubble,STAYC(스테이씨),2:59
circle,78,https://cdn.chartin.me/image/album/circle/30416440.jpg?v=1702519392942&size=80,"그대가 있는 곳, 언제 어디든",로이킴,3:40
circle,79,https://cdn.chartin.me/image/album/circle/8835837.jpg?v=1699234063181&size=80,파이팅 해야지 (Feat. 이영지),부석순(SEVENTEEN),3:24
circle,80,https://cdn.chartin.me/image/album/circle/30112592.jpg?v=1699495547656&size=80,Talk Saxy,RIIZE,3:10
circle,81,https://cdn.chartin.me/image/album/circle/10212026.jpg?v=1699232843065&size=80,"Smoke (Prod. Dynamicduo, Padi)","다이나믹 듀오, 이영지",3:29
circle,82,https://cdn.chartin.me/image/album/circle/9741533.jpg?v=1699234088311&size=80,나에게 그대만이,탑현,3:10
circle,83,https://cdn.chartin.me/image/album/circle/9732396.jpg?v=1699234087078&size=80,모래 알갱이,임영웅,3:40
circle,84,https://cdn.chartin.me/image/album/circle/30422387.jpg?v=1702519393392&size=80,DASH,NMIXX,2:46
circle,85,https://cdn.chartin.me/image/album/circle/8368570.jpg?v=1699234046945&size=80,I Don't Think That I Like Her,Charlie Puth,3:08
circle,86,https://cdn.chartin.me/image/album/circle/6720359.jpg?v=1699233966012&size=80,눈이 오잖아(Feat.헤이즈),이무진,3:52
circle,87,https://cdn.chartin.me/image/album/circle/7496759.jpg?v=1699234002482&size=80,우리들의 블루스,임영웅,3:27
circle,88,https://cdn.chartin.me/image/album/circle/10414601.jpg?v=1699233080362&size=80,Either Way,IVE(아이브),2:46
circle,89,https://cdn.chartin.me/image/album/circle/30095364.jpg?v=1699233669840&size=80,잠시라도 우리,"성시경, 나얼",4:53
circle,90,https://cdn.chartin.me/image/album/circle/30811889.jpg?v=1709171961427&size=80,Swan Song,LE SSERAFIM (르세라핌),2:37
circle,91,https://cdn.chartin.me/image/album/circle/1781318.jpg?v=1706951725203&size=80,봄날,방탄소년단,4:34
circle,92,https://cdn.chartin.me/image/album/circle/4508092.jpg?v=1699233763791&size=80,이제 나만 믿어요,임영웅,4:02
circle,93,https://cdn.chartin.me/image/album/circle/4820425.jpg?v=1699233796568&size=80,Dynamite,방탄소년단,3:19
circle,94,https://cdn.chartin.me/image/album/circle/7972428.jpg?v=1699234028144&size=80,숲,최유리,3:48
circle,95,https://cdn.chartin.me/image/album/circle/30878664.jpg?v=1709171962474&size=80,천상연,이창섭,4:31
circle,96,https://cdn.chartin.me/image/album/circle/30277276.jpg?v=1700704701951&size=80,Chill Kill,Red Velvet (레드벨벳),3:34
circle,97,https://cdn.chartin.me/image/album/circle/30811889.jpg?v=1709171961427&size=80,Smart,LE SSERAFIM (르세라핌),2:46
circle,98,https://cdn.chartin.me/image/album/circle/6158502.jpg?v=1699233905689&size=80,STAY,"The Kid LAROI, Justin Bieber",2:21
circle,99,https://cdn.chartin.me/image/album/circle/7496759.jpg?v=1699234002482&size=80,다시 만날 수 있을까,임영웅,4:34
circle,100,https://cdn.chartin.me/image/album/circle/10486401.jpg?v=1699233157285&size=80,Do or Die,임영웅,3:25
youtube,1,https://cdn.chartin.me/image/album/youtube/4d505245625f53324e65666a5a506b644f.jpg?v=1707818647887&size=80,밤양갱,"비비(BIBI), 비비 (BIBI)",2:27
youtube,2,https://cdn.chartin.me/image/album/youtube/4d505245625f624a746762426f6b485572.jpg?v=1706952658494&size=80,Love wins all,"아이유(IU), 아이유(IU)",4:32
youtube,3,https://cdn.chartin.me/image/album/youtube/4d505245625f78386564354b384258454b.jpg?v=1708420160111&size=80,홀씨,"아이유(IU), 아이유(IU)",3:11
youtube,4,https://cdn.chartin.me/image/album/youtube/4d505245625f33314138764c4756773267.jpg?v=1706952570378&size=80,첫 만남은 계획대로 되지 않아,TWS,2:33
youtube,5,https://cdn.chartin.me/image/album/youtube/4d505245625f316435354b4757364d5449.jpg?v=1708929261092&size=80,EASY,"LE SSERAFIM, 르세라핌",2:45
youtube,6,https://cdn.chartin.me/image/album/youtube/4d505245625f5335543878627346575437.jpg?v=1701668361575&size=80,To. X,"태연, 태연",2:51
youtube,7,https://cdn.chartin.me/image/album/youtube/4d505245625f327735554733683375366a.jpg?v=1701668347091&size=80,Drama,"aespa, aespa",3:35
youtube,8,https://cdn.chartin.me/image/album/youtube/4d505245625f30375870544c4c44566248.jpg?v=1701668346439&size=80,MANIAC,"VIVIZ (비비지), VIVIZ (비비지)",3:16
youtube,9,https://cdn.chartin.me/image/album/youtube/4d505245625f7a65424878686d4c41304f.jpg?v=1707719737722&size=80,Wife,"(여자)아이들, (여자)아이들",2:02
youtube,10,https://cdn.chartin.me/image/album/youtube/4d505245625f7a65424878686d4c41304f.jpg?v=1707719737722&size=80,Super Lady,"(여자)아이들, (여자)아이들",2:33
youtube,11,https://cdn.chartin.me/image/album/youtube/4d505245625f7a34517336385345744950.jpg?v=1701668386943&size=80,Perfect Night,"르세라핌, LE SSERAFIM",2:40
youtube,12,https://cdn.chartin.me/image/album/youtube/4d505245625f6966493368324469644271.jpg?v=1706952679735&size=80,Bling-Bang-Bang-Born,"Creepy Nuts, Creepy Nuts",2:49
youtube,13,https://cdn.chartin.me/image/album/youtube/4d505245625f345a485735644c6c547545.jpg?v=1706952577018&size=80,"Yes or No (feat. 허윤진 of LE SSERAFIM, Crush)","그루비룸, 그루비룸 (GroovyRoom)",2:59
youtube,14,https://cdn.chartin.me/image/song/youtube/4d71634648434e58696f6b.jpg?v=1701570591901&size=80,I AM,"IVE, IVE",3:04
youtube,15,https://cdn.chartin.me/image/album/youtube/4d505245625f7a65424878686d4c41304f.jpg?v=1707719737722&size=80,나는 아픈 건 딱 질색이니까,"(여자)아이들, (여자)아이들",2:42
youtube,16,https://cdn.chartin.me/image/album/youtube/4d505245625f786433616b79437a754867.jpg?v=1702881336125&size=80,비의 랩소디,"임재현, 임재현",3:55
youtube,17,https://cdn.chartin.me/image/album/youtube/4d505245625f3668343379534f39647557.jpg?v=1701668349914&size=80,アイドル,"요아소비, YOASOBI",3:33
youtube,18,https://cdn.chartin.me/image/album/youtube/4d505245625f716d5762697963626b504f.jpg?v=1701668379579&size=80,Discord,QWER,2:48
youtube,19,https://cdn.chartin.me/image/album/youtube/4d505245625f6b4963427442464a647649.jpg?v=1706952682670&size=80,DASH,"엔믹스, NMIXX",2:47
youtube,20,https://cdn.chartin.me/image/album/youtube/4d505245625f734d3938517a544a615667.jpg?v=1701668381044&size=80,Seven - Explicit Ver. (feat. Latto),정국,3:04
youtube,21,https://cdn.chartin.me/image/album/youtube/4d505245625f676c503770376e5a626772.jpg?v=1704445675895&size=80,Love 119,"RIIZE, RIIZE",2:54
youtube,22,https://cdn.chartin.me/image/album/youtube/4d505245625f653637704664596667786a.jpg?v=1701668370834&size=80,후라이의 꿈,"AKMU (악뮤), AKMU (악뮤)",3:25
youtube,23,https://cdn.chartin.me/image/album/youtube/4d505245625f4858344a504b4b52577a49.jpg?v=1701668357541&size=80,Super Shy,"NewJeans, NewJeans",2:35
youtube,24,https://cdn.chartin.me/image/song/youtube/35424e586d4f6c52677a49.jpg?v=1701569775573&size=80,헤어지자 말해요,박재정,4:04
youtube,25,https://cdn.chartin.me/image/album/youtube/4d505245625f5a6d4b64635971396d6756.jpg?v=1702461853587&size=80,에피소드,"정슬, 이무진, 이무진",3:26
youtube,26,https://cdn.chartin.me/image/album/youtube/4d505245625f646b7655644e464b707577.jpg?v=1701668368064&size=80,Do or Die,"임영웅, 임영웅",3:26
youtube,27,https://cdn.chartin.me/image/album/youtube/4d505245625f7177347244654d61304a56.jpg?v=1701668380176&size=80,인사,범진 BUMJIN,3:36
youtube,28,https://cdn.chartin.me/image/album/youtube/4d505245625f696e6130374a4a4f785031.jpg?v=1702550786460&size=80,Get A Guitar,"RIIZE, RIIZE",2:40
youtube,29,https://cdn.chartin.me/image/album/youtube/4d505245625f764e6f4c58503046636a44.jpg?v=1701668383536&size=80,그대만 있다면 (여름날 우리 X 너드커넥션 (Nerd Connection)),"너드커넥션, 너드커넥션 (Nerd Connection)",4:11
youtube,30,https://cdn.chartin.me/image/album/youtube/4d505245625f4858344a504b4b52577a49.jpg?v=1701668357541&size=80,ETA,"NewJeans, NewJeans",2:32
youtube,31,https://cdn.chartin.me/image/album/youtube/4d505245625f653637704664596667786a.jpg?v=1701668370834&size=80,Love Lee,"AKMU (악뮤), AKMU (악뮤)",3:00
youtube,32,https://cdn.chartin.me/image/album/youtube/4d505245625f45354a703741666b687946.jpg?v=1701668355032&size=80,You & Me,제니,3:00
youtube,33,https://cdn.chartin.me/image/album/youtube/4d505245625f75676247666c746142646b.jpg?v=1701668383247&size=80,Standing Next to You,정국,3:27
youtube,34,https://cdn.chartin.me/image/song/youtube/717272356d6554746e6341.jpg?v=1701571957379&size=80,Off The Record,"IVE, IVE",3:09
youtube,35,https://cdn.chartin.me/image/album/youtube/4d505245625f6b6a6944394746674e6364.jpg?v=1701668373270&size=80,퀸카 (Queencard),"(여자)아이들, (여자)아이들",2:42
youtube,36,https://cdn.chartin.me/image/album/youtube/4d505245625f6d6e4a3137654b7770594a.jpg?v=1701668376489&size=80,Spicy,"aespa, aespa",3:18
youtube,37,https://cdn.chartin.me/image/album/youtube/4d505245625f6e52695163783974735570.jpg?v=1701668376995&size=80,손오공,"세븐틴(SEVENTEEN), SEVENTEEN",3:20
youtube,38,https://cdn.chartin.me/image/album/youtube/4d505245625f594c6d4c5769364b623032.jpg?v=1705640632080&size=80,Beautiful Things,"Benson Boone, Benson Boone",3:01
youtube,39,https://cdn.chartin.me/image/song/youtube/4e59454c44703752483559.jpg?v=1701570622768&size=80,Kitsch,"IVE, IVE",3:15
youtube,40,https://cdn.chartin.me/image/album/youtube/4d505245625f506965475a506332657659.jpg?v=1708929262839&size=80,Flowers [] (Live),"Golf WanGG, Miley Cyrus(마일리 사이러스)",3:38
youtube,41,https://cdn.chartin.me/image/album/youtube/4d505245625f3656754d43574343564859.jpg?v=1707719723773&size=80,Bad Feeling (Oompa Loompa),"Jagwar Twin, Jagwar Twin",2:14
youtube,42,https://cdn.chartin.me/image/album/youtube/4d505245625f6e78746e72524163775731.jpg?v=1701668377571&size=80,Steal The Show,"Lauv(라우브), Lauv",3:12
youtube,43,https://cdn.chartin.me/image/album/youtube/4d505245625f42577079705646314c6845.jpg?v=1701668353552&size=80,숲,최유리,3:49
youtube,44,https://cdn.chartin.me/image/album/youtube/4d505245625f7561466d436b364e424447.jpg?v=1701668382692&size=80,GODS,"League of Legends, NewJeans",3:41
youtube,45,https://cdn.chartin.me/image/song/youtube/597768446c34714b683463.jpg?v=1701571128319&size=80,Baddie,"IVE, IVE",2:34
youtube,46,https://cdn.chartin.me/image/album/youtube/4d505245625f5837356361706133347476.jpg?v=1702881333242&size=80,그대가 내 안에 박혔다(그내박),순순희(기태),3:37
youtube,47,https://cdn.chartin.me/image/album/youtube/4d505245625f3942526534724a52523151.jpg?v=1701668351021&size=80,"이브, 프시케 그리고 푸른 수염의 아내","르세라핌, LE SSERAFIM",3:06
youtube,48,https://cdn.chartin.me/image/album/youtube/4d505245625f423651697559764f475a31.jpg?v=1707719725174&size=80,꿈,"정슬, 태연, 태연",3:59
youtube,49,https://cdn.chartin.me/image/album/youtube/4d505245625f525658494631616a355145.jpg?v=1708324544097&size=80,하루,"에일리(AILEE), 에일리",4:56
youtube,50,https://cdn.chartin.me/image/album/youtube/4d505245625f546833774f756754367367.jpg?v=1703486068148&size=80,High Hopes,"Panic! At The Disco(패닉 앳 더 디스코), Panic! At The Disco",3:11
youtube,51,https://cdn.chartin.me/image/album/youtube/4d505245625f4b3433466630455a614466.jpg?v=1707487410502&size=80,"Pure Imagination (from ""Wonka"")",Timothée Chalamet,3:08
youtube,52,https://cdn.chartin.me/image/album/youtube/4d505245625f42526a55744c66434d6d39.jpg?v=1704090750354&size=80,응급실,이지,3:47
youtube,53,https://cdn.chartin.me/image/song/youtube/7033457771495f5265444d.jpg?v=1708929268477&size=80,Swan Song (Live),"르세라핌, LE SSERAFIM",2:40
youtube,54,https://cdn.chartin.me/image/album/youtube/4d505245625f446b6658484f49634a6a55.jpg?v=1707719726312&size=80,Like I Do,"J.Tajor, J.Tajor",2:29
youtube,55,https://cdn.chartin.me/image/album/youtube/4d505245625f78386564354b384258454b.jpg?v=1708420160111&size=80,Shopper,"아이유(IU), 아이유(IU)",3:36
youtube,56,https://cdn.chartin.me/image/album/youtube/4d505245625f456542515449446c654366.jpg?v=1701668356528&size=80,Bad News,"KISS OF LIFE, KISS OF LIFE",2:41
youtube,57,https://cdn.chartin.me/image/album/youtube/4d505245625f706748757177766e794452.jpg?v=1706952695843&size=80,기억해줘요 내 모든 날과 그때를,"정슬, 화곡동 청개구리",3:37
youtube,58,https://cdn.chartin.me/image/album/youtube/4d505245625f6b72717665527472656b45.jpg?v=1702375677779&size=80,사랑할 수밖에,"볼빨간사춘기, 볼빨간사춘기",3:46
youtube,59,https://cdn.chartin.me/image/album/youtube/4d505245625f4563514859714369426b35.jpg?v=1701668356083&size=80,BATTER UP,"BABYMONSTER, BABYMONSTER",3:09
youtube,60,https://cdn.chartin.me/image/album/youtube/4d505245625f6c30327a6b44466f6b3432.jpg?v=1701668373906&size=80,음악의 신,"세븐틴(SEVENTEEN), SEVENTEEN",3:26
youtube,61,https://cdn.chartin.me/image/album/youtube/4d505245625f51616d746a7852504f516c.jpg?v=1707719729070&size=80,Say Yes,"로꼬, 펀치 (Punch), 로꼬",3:39
youtube,62,https://cdn.chartin.me/image/album/youtube/4d505245625f365066343032684f375936.jpg?v=1704709105687&size=80,UNTOUCHABLE,"ITZY, ITZY",3:15
youtube,63,https://cdn.chartin.me/image/album/youtube/4d505245625f5848537041686475434377.jpg?v=1701668364061&size=80,フィナーレ。,"eill, eill",4:02
youtube,64,https://cdn.chartin.me/image/album/youtube/4d505245625f7a53774f7770796e353238.jpg?v=1707719736387&size=80,안 아름답고도 안 아프구나,"원슈타인, 원슈타인",2:45
youtube,65,https://cdn.chartin.me/image/album/youtube/4d505245625f41423252664d5671465830.jpg?v=1708929262365&size=80,Celebrity,"아이유(IU), 아이유(IU)",3:16
youtube,66,https://cdn.chartin.me/image/album/youtube/4d505245625f4d4558684654646342666c.jpg?v=1708324542755&size=80,잠깐 시간 될까,"이무진, 이무진",3:48
youtube,67,https://cdn.chartin.me/image/album/youtube/4d505245625f456542515449446c654366.jpg?v=1701668356528&size=80,Nobody Knows,"KISS OF LIFE, KISS OF LIFE",3:16
youtube,68,https://cdn.chartin.me/image/song/youtube/5555524b54335739506b41.jpg?v=1706510265145&size=80,All Night (feat. 사위티),"IVE, IVE",3:18
youtube,69,https://cdn.chartin.me/image/album/youtube/4d505245625f456d6a4f374349736f6579.jpg?v=1704695666109&size=80,최종화,아이리 칸나,4:07
youtube,70,https://cdn.chartin.me/image/album/youtube/4d505245625f5446654d717135744e5370.jpg?v=1708929263342&size=80,정이라고 하자 (feat. 10CM),BIG Naughty (서동현),3:09
youtube,71,https://cdn.chartin.me/image/album/youtube/4d505245625f486763494d335a42337954.jpg?v=1701668357823&size=80,Talk Saxy,"RIIZE, RIIZE",3:11
youtube,72,https://cdn.chartin.me/image/album/youtube/4d505245625f366f69717a6d7775533946.jpg?v=1701644944115&size=80,Cruel Summer,"Taylor Swift, Taylor Swift",2:58
youtube,73,https://cdn.chartin.me/image/album/youtube/4d505245625f4168654e454163674e7571.jpg?v=1706952592146&size=80,Some Like It Hot!!,"스파이에어, SPYAIR",3:11
youtube,74,https://cdn.chartin.me/image/album/youtube/4d505245625f6846414834784653777a78.jpg?v=1708929263705&size=80,Antifreeze,"백예린, Yerin Baek",4:06
youtube,75,https://cdn.chartin.me/image/song/youtube/57664234734e413057394d.jpg?v=1701571030016&size=80,Chill Kill,"Red Velvet, Red Velvet",3:35
youtube,76,https://cdn.chartin.me/image/album/youtube/4d505245625f6251497771664367354675.jpg?v=1701685690416&size=80,Soñar (Breaker),"엔믹스, NMIXX",2:54
youtube,77,https://cdn.chartin.me/image/album/youtube/4d505245625f324c31624a77306879754c.jpg?v=1704090748955&size=80,사랑..그게 뭔데,지아,3:46
youtube,78,https://cdn.chartin.me/image/album/youtube/4d505245625f3056747067494951386942.jpg?v=1706952563880&size=80,새벽 통화,"적재, 적재",3:05
youtube,79,https://cdn.chartin.me/image/album/youtube/4d505245625f4c4a7676394941774d5956.jpg?v=1708324542219&size=80,너를 생각해,Joosiq,3:33
youtube,80,https://cdn.chartin.me/image/album/youtube/4d505245625f7237676672754675724c6b.jpg?v=1706952697299&size=80,I Love You,안세하,5:13
youtube,81,https://cdn.chartin.me/image/album/youtube/4d505245625f6b735a4a6e504549747972.jpg?v=1707719734280&size=80,Bye bye my blue,"백예린, Yerin Baek",3:23
youtube,82,https://cdn.chartin.me/image/album/youtube/4d505245625f57435773624e70314e5745.jpg?v=1708324544414&size=80,Water,"Tyla, Travis Scott, Tyla",3:20
youtube,83,https://cdn.chartin.me/image/album/youtube/4d505245625f6675304e534363466c5576.jpg?v=1706952672737&size=80,yours,"데이먼스 이어, 데이먼스 이어",2:45
youtube,84,https://cdn.chartin.me/image/song/youtube/4a48342d4d524c666a6638.jpg?v=1701570431675&size=80,기억하나요 내 모든 날과 그때를,"거미, 거미",3:49
youtube,85,https://cdn.chartin.me/image/album/youtube/4d505245625f61333953617976684e7361.jpg?v=1706955176936&size=80,Obsessed,"Ayumu Imazu, Ayumu Imazu",3:17
youtube,86,https://cdn.chartin.me/image/album/youtube/4d505245625f476539633478744d626159.jpg?v=1705300491326&size=80,여우비 (낮에 뜨는 달),츄,4:02
youtube,87,https://cdn.chartin.me/image/album/youtube/4d505245625f6d44326a45733948757156.jpg?v=1708324545844&size=80,Die For You (Remix),"Ariana Grande(아리아나 그란데), The Weeknd (위켄드), The Weeknd, Ariana Grande",3:53
youtube,88,https://cdn.chartin.me/image/album/youtube/4d505245625f34636f4b6d7934716e3368.jpg?v=1707719720657&size=80,My Love (And),"버즈, 버즈",4:05
youtube,89,https://cdn.chartin.me/image/album/youtube/4d505245625f385a435948636538664666.jpg?v=1708929261405&size=80,위잉위잉,"혁오(HYUKOH), 혁오",3:15
youtube,90,https://cdn.chartin.me/image/album/youtube/4d505245625f73793156616b387a713758.jpg?v=1706952701340&size=80,晩餐歌,"tuki., tuki.",3:36
youtube,91,https://cdn.chartin.me/image/album/youtube/4d505245625f777532353669794d415964.jpg?v=1707719735356&size=80,잘 지내길 바래,김승민,3:05
youtube,92,https://cdn.chartin.me/image/album/youtube/4d505245625f39644c6b567648626d6b73.jpg?v=1708929261887&size=80,STUPID IN LOVE,"맥스, MAX",2:53
youtube,93,https://cdn.chartin.me/image/album/youtube/4d505245625f4649637a6b585742754e59.jpg?v=1702276468122&size=80,가까운 듯 먼 그대여 (Closely Far Away),"카더가든, 카더가든 (Car, the Garden)",3:15
youtube,94,https://cdn.chartin.me/image/album/youtube/4d505245625f6b6e656f544f6a33536949.jpg?v=1708929264249&size=80,미안해서 미안해,"김진표, JP. 김진표",3:35
youtube,95,https://cdn.chartin.me/image/album/youtube/4d505245625f4f49396b39586c4d703141.jpg?v=1706952627923&size=80,내일 얘기해,"릴러말즈(Leellamarz), 미노이, 릴러말즈 (Leellamarz)",2:57
youtube,96,https://cdn.chartin.me/image/album/youtube/4d505245625f31306b366f63463257654a.jpg?v=1707719717395&size=80,Dance Hall,"Mrs. GREEN APPLE, Mrs. GREEN APPLE",3:23
youtube,97,https://cdn.chartin.me/image/album/youtube/4d505245625f34636f4b6d7934716e3368.jpg?v=1707719720657&size=80,남자를 몰라,"버즈, 버즈",4:13
youtube,98,https://cdn.chartin.me/image/album/youtube/4d505245625f3544455963616954356c6c.jpg?v=1707719722249&size=80,One Love (20th Edition),"M.C the MAX, 엠씨더맥스",3:54
youtube,99,https://cdn.chartin.me/image/album/youtube/4d505245625f74554a303952414279636b.jpg?v=1708929264710&size=80,Crescendo (크레셴도),"AKMU (악뮤), AKMU (악뮤)",2:46
youtube,100,https://cdn.chartin.me/image/album/youtube/4d505245625f76354d316a5a66434d674a.jpg?v=1708929265200&size=80,그대를 사랑하는 10가지 이유,"이석훈, 이석훈",4:15